{"version":32,"hash":{"type":"Buffer","data":"f9BioAD/smbweBrun/Bbh89/d0w0G0rntweyQvRfmfsvoEFdinaSUt4jxc7sTJA/E44LJtHk4aJtKl6sqOA7VKW6j6TDjoASgzp3zQ0iZ2UKSrniZxhIQ8jaIqMA1QEvoeQ7A+gvt1n9CjJ5MoDK6C/YigRvOci8LbzlTwyRuf0="},"indexValueMap":{"ADdmOrXZzHqZW1Ntn62KPtvM2BePmsf0V/YCYTwHZfw=":{"valueMac":{"type":"Buffer","data":"Dk9LVJDCdwQOIrCA6d53YbQKULJ2JNZd37IJ8L6MHyc="}},"AGgioLhGON2pB8J9LwSyEgXIuhXA6IFS7wMt2OLkcX0=":{"valueMac":{"type":"Buffer","data":"YMohqk8RPQqLPkmYKeHiBnI20BTVDvH9PSpUE+4B/Rg="}},"AcetgNYM9QDjd3hAIfIq7t+DPFEfYmGcc7MN1Cb8XKA=":{"valueMac":{"type":"Buffer","data":"fgz4ikTxOxfDsMyboWfXIdp9n/WzGY6XKK7gyRzyHqM="}},"AdHDDH590d8YFubnmdO9Z2MBMtMw43eh0n4yRIKum4w=":{"valueMac":{"type":"Buffer","data":"81H00Mj5cgsQEUVcWwejcPHj3C7f/M3UWl/hxd62PTw="}},"AeMkjE/wmMG3VVnSrK+HAlV9pZCSE6SGegl7ohDiZu0=":{"valueMac":{"type":"Buffer","data":"E4Hcc9kNLAkEYzxOINYd54kAVb7Ae/Ff9NKOx3Mb95c="}},"Ai9LsZPy5TbQNgDJeHkHpzDSdVQRx14t63zuUooAhNs=":{"valueMac":{"type":"Buffer","data":"ZCO2/ulaZDOvvwmStzgTTYfzkd4+1Kt3lQdbMWT7zd0="}},"Ap/TJzzTDzrQbZpa9cHbnkgROGTcCgzIg2jq1LfwtIc=":{"valueMac":{"type":"Buffer","data":"570HcKR3lt2T5kmdx7BZI3NMnfVMO4w8O2UeiKpg9CI="}},"ArkMH4Vf3vkPcCWJ3VGzE3azp2hBd8GaPK/zK7AUkYY=":{"valueMac":{"type":"Buffer","data":"S+lchT3Swka4huys8TT/ODfpaEAjYZHWrzmBs+xoi2Q="}},"A6anhzWtPlalQzy0E5RmDV6vSKReilEwYd6MsMeYie4=":{"valueMac":{"type":"Buffer","data":"wKAEgVuqJCH8D7eWMxRnF9rz5/yBY3xfUCnTINoUEnE="}},"A+HY3Hpq6EqSbX1BqaDU267et9xUusPnIzkNg+inGmI=":{"valueMac":{"type":"Buffer","data":"j6Ht69SMmrWkn/AnHFSVFfBscyLMlRJ5358j808f8og="}},"BBjf2Qt3uHKrAwq2nPVZOpcMwYcXbBOhuXqcWLR98rA=":{"valueMac":{"type":"Buffer","data":"Nwx37/pWtYpRsofLLL/Ed4IOhSZhAcpA2inHOQxTCFE="}},"BGZuRH2kV+QEOZdQY7QAx2V2IKnh7x6xAG5fJzyfcug=":{"valueMac":{"type":"Buffer","data":"AP0XAnZhIzv9L0PQLDn+zffOXK7hx8LHyteiQc0rOyw="}},"BGc1BimCcJkYHHhrdeuFsx0veZ127Hy44OGj3mCWjXE=":{"valueMac":{"type":"Buffer","data":"KdlwKWkroK2RONNG6OSVVM6EUon0ZjDpyiBj2Nwe/S4="}},"BNju6q0h49BhnA9QO61v8Hnf9FtwGVQKE3p74Ekx8Mk=":{"valueMac":{"type":"Buffer","data":"16CNRFhN7+s2EgYK4ZFMx7rC5GhgKjkIylvDB8DTdT4="}},"BWKbFHLxlU57pfMlsCmcIVc6rKRheG+rJppx9kLn99w=":{"valueMac":{"type":"Buffer","data":"IKO2b8A8X7BB1giyuWOqSsBQ+36ZqsEMbZRFpzS+xvs="}},"B0LZJICtNdWnxcbEWz4kpLeemWfJnIXjZ+TTv8OgRH8=":{"valueMac":{"type":"Buffer","data":"9qVZf51cY7PZ+8PtzddDJlxfq4o5czdXtf6WbC11kXc="}},"B3wnwV7QiKiR4t1owor1kbDm7GOGD8pcOyN5+VQQjB0=":{"valueMac":{"type":"Buffer","data":"gLIu3VdIQ9WuHME7oNaEPWdnak4Fu7+rQ1HNf+5BAts="}},"CCb+tYM6t5IvRtzfIvTw7/kHmP78sgfp5u1BstZj5j8=":{"valueMac":{"type":"Buffer","data":"vfMngWT6mDkiFyAaLMzjMCT0Bzqj7k2+TAhRjAtDTaw="}},"CRKDIANzcABFb/R5SWwsoXaqC3mFYkrhkYaeT6W/DYs=":{"valueMac":{"type":"Buffer","data":"T7HbrDFG4c2wE3E11/WaPGY5SOSjkMZIqRDZ7V688Zw="}},"CRtb+wi7cJrNp1HMnszmf+NYAbI80IS2dTI8RFC0Cjg=":{"valueMac":{"type":"Buffer","data":"DIireIn9TR9UMwj/zIE9GblD1pM0KnrJRR3/l5LyDDs="}},"CYD/N3vWHyUd5xSiA0V4pBNnlFhAHpfdijqo0qcNJzU=":{"valueMac":{"type":"Buffer","data":"n7nah9K8gZKey1mXEOvzvL+tAFDBAXnK16m4FjceTBY="}},"CeEP/eUxGfoi6tQ0olq8W6/yAgwtcvj61NlkwV9IEds=":{"valueMac":{"type":"Buffer","data":"3iXp46QW5QMLuSyj6eKBF7xmF95dtV262tuHIukCcWs="}},"Ch7eeoJzCrw1V0jAkE4vbv7hqes4Fo5naigtr8TZzC0=":{"valueMac":{"type":"Buffer","data":"QnhlNXqVPJ7MtzaGTgKgyFtuRWNdBTCc+NdOqYzTB0Q="}},"ClY+DqA19npCtBoXhq2OL/1wJ+80SVg5WssbUJCA+Yc=":{"valueMac":{"type":"Buffer","data":"GVru//avoG0QptNRgth6KVrfUKpEWIS/j4CXt4IzZ2g="}},"Cyu6a7DvzJDfPK+R2owQMplHl5rygs5zAjS5233sE38=":{"valueMac":{"type":"Buffer","data":"6Rv9a3lece8JLHEwFMlgRMz1CsOvNmNboicJUYkFHHQ="}},"C7czFHA1gGEhhVgX6OVunj1+J0p9wWnwCyJ/9Qo0k6I=":{"valueMac":{"type":"Buffer","data":"5hLivvAh5q9MR4cIzAIi60jH6uKPoDGCwCDC+Ay2OTE="}},"C+anSSywftUzX/csHbAU4hgnW3KY9RC5ruDzi77blls=":{"valueMac":{"type":"Buffer","data":"r5nG2awSnsUolsftt5FX3AIDg02ehqv36ENehiiTlZo="}},"DAVBd26CZnCLXhULLMJ1i1XaOvAw+Oj02/FwhEn8qzc=":{"valueMac":{"type":"Buffer","data":"zFUO6aSj+j50JXBH5aGs0tKXXk3IcSjZZFh08l1wrk0="}},"DG0ySWaqBFY4IgK3bbGCfzmjYM+m2YR4dQYMBvvaFF4=":{"valueMac":{"type":"Buffer","data":"W17aoT2jXsRHGRdOL31Tz9X5iDiUWJuK7NPOGKfXNhg="}},"DJAre9Hhc2V7VfVHzrzEVBh+etJSZXAc9xRSxYAIcZw=":{"valueMac":{"type":"Buffer","data":"8e9NOZErf16+FxGmtpZJrNgcATDvP5TFkD6GL7dGx90="}},"DLd/VG/gr1A8I9bXFs45L2sJB4/X2+J7yJcAtbuzamU=":{"valueMac":{"type":"Buffer","data":"6EbaFay0OnQWjwOvv0jy4CgJXbDqKpY5+4sAICtVHDo="}},"DeFs0ARLV8lro9drf9PjCDKLqzguTliuk1r36srBI6A=":{"valueMac":{"type":"Buffer","data":"HI704OJxUg3LMkwlhcBuNrkn9ctu+jlYutEa2NzJxq0="}},"DjRegFWYSgTvsXE8ZVZ0DZRFE9GcKfFbTlpUiFWlMYM=":{"valueMac":{"type":"Buffer","data":"/yGPHWtixQPIaibHHo6fCCBWrNhCvDwgKL2r3C1EN+k="}},"DsD0w2DOKuguIX31uGoAaICQCrpzSolTW/frz4rxbj4=":{"valueMac":{"type":"Buffer","data":"kVruvhJeN0FplBvbslR5tSi17cDdb4QXtE1BtkMjs6o="}},"EPfhzgTPHkXi7HohV28zHObByCYZnQEovF0IpOwm3ew=":{"valueMac":{"type":"Buffer","data":"7PVuklJ4WvYhMB6eDXNlywrNt5CuaEuItXufVI4ETq4="}},"ESK1cDaknyPJxWSoOhBTcMN3+lDvo6krcbT7UGwmlpk=":{"valueMac":{"type":"Buffer","data":"I49EXH1GqZdRmPnBKBZGOrimv3tkhkYFeUj3Y7BLGF8="}},"EU+ln6s10xqN6LoV9sdPWjzeb5hVucde4kV6xLseDv0=":{"valueMac":{"type":"Buffer","data":"UdoL4aZwfqJFCYE1hKm9qq2Xvh3CXWfQ3M4SjnRB6iI="}},"EaKtCsqOSWDVsTRqRhCbLxnYMEKtXYfcf7atGwV67JY=":{"valueMac":{"type":"Buffer","data":"RAZhzjbPVT4X/765UsygI0C0w6ObpmU0QRsrlgoia6Q="}},"EiexSgH4g/rksD28a6KeoG09GlHERDwiPUEFsmms7UY=":{"valueMac":{"type":"Buffer","data":"jmwi9abezp9lrmcKwaG1rMaWoGU4Vkfa2biVoE/yfdk="}},"EpGXPoP03BMuR6kV47J+OVxUo8RA1PUZ1QlTl0yjTrs=":{"valueMac":{"type":"Buffer","data":"q4Op5nE9raP66MwXaPm4/Z4whShfE0cIPQSuWU6dqBQ="}},"EqDhF6UFiDq1ouv5mqjr9OC7tUCe+HG+vjvi3RfiPyA=":{"valueMac":{"type":"Buffer","data":"+sUJ9p7S8Zslm/NyLNvOzpDoaMrCbjnAxOrkqDzt2PE="}},"EsA5hy2epsx4DHqzFFlhDRdbSyOvGZWzO3+ZKjaLxok=":{"valueMac":{"type":"Buffer","data":"UoiIw2qxzcgQI8vYHBBLkZgtEykjAWF6H3cJSe6rs6E="}},"E5Fo/Gmrt4QXPIFQWzm3vjpXujyBZL8d1Srq06q8Czs=":{"valueMac":{"type":"Buffer","data":"5gc7j36We8L34zZmJCb94D/Fz+AykXx4Wp8kAzZBMSg="}},"E5HSdIKP6IcbgXWm8T/qTm+lce8UYdsGDDINB/G2h0s=":{"valueMac":{"type":"Buffer","data":"GxAH0PvcButOhnZdzmMDWyGIE/1BrHSBxee18L+W4XY="}},"FE3a5yT0X5H3w5WNkGoSF1HJ2zgEQLI1KhMuY6y+PjE=":{"valueMac":{"type":"Buffer","data":"YoVTr1dwkZC0LcsdlYeQK7S3j6V+O0zbOi+hV/SJabg="}},"FHBn2CU0rKSotubY6rHsKg08u/ftY9kv0K0y1uG02zM=":{"valueMac":{"type":"Buffer","data":"gSjwt7Ubr5Lu++LP4pds6C3XZM04I28R8YywE9xi91Y="}},"FIGmpPYNz8Zo2GeUGC82EbN+pX6dY5Pca05rTGRNadM=":{"valueMac":{"type":"Buffer","data":"xy4Vb6P5ORdrjYiIri2TD4b8ztr+I0aOvmJsgulsadU="}},"FI2dQZEm5ZOTwWVOxjYO+0syXaTeSIzJVuqvVe/xAdo=":{"valueMac":{"type":"Buffer","data":"gVCoI891pWDLagnFVcFIqiiYu7NJI8wcoorxi5I8xQQ="}},"FSZ53zZX5crecOChV5q3/0MRRIG5J88ZEbnEvjEEEkU=":{"valueMac":{"type":"Buffer","data":"JUjS76Mq2vri+Jzs26cLWVo7gJgMLVkWF9/NJpe/MVU="}},"FTmINxoc4MdrSrH2gP43gLtd3xiMkht1oiisNgSJdV8=":{"valueMac":{"type":"Buffer","data":"+jXC3rEriHWvkQ9L6xl3QL2KjwoaV5IAqrXg4LquxV8="}},"FWcH/SnP47slvE5GeY7Uw8jw1CaY4B45saAOzKnz3WU=":{"valueMac":{"type":"Buffer","data":"gYLBnE+t/CQC1X2sPIbVYEJuIqW2wZeTQ+AGuJA5+0M="}},"FiKr6QHoCe5eN+1wPq5kQ4lm2S/07tK3lJIPP5I5K+g=":{"valueMac":{"type":"Buffer","data":"tDreC/R9j6ZL+XGGmKgvaWqW1zC1BuQ2CRLquHvLqJ8="}},"Fkc1d5O+Q3/xt80IS4IlgzAUO3XEZInh7Allm5QecYg=":{"valueMac":{"type":"Buffer","data":"3NrpDU4B8hR23/zdqKKmz+LVfd4rDKo1nhsi4WJqUYw="}},"Ful7r4lr7l4UjabtjmXvvGyCLMoE266sWUm4LY991Lc=":{"valueMac":{"type":"Buffer","data":"a7XycZRheNlTU82tziw5ENWaNA7bnQNc5cCYa4a3rNg="}},"Fyq1/1zoA81KEIcegONbscUqQymetHocVBbtzDqP3UI=":{"valueMac":{"type":"Buffer","data":"Vx9kqlPiCyrqN+dMs2DnjyWcN3EZWKJbWCB4ErikXvg="}},"F2k8nJdb72Cy2lu/K728/ymh0H3tL9nYRNOB8RU4LnY=":{"valueMac":{"type":"Buffer","data":"JZdnXBbyhIvda0KeD6+7JWn0Pc1Wr7apJ9Bl+ZWYQmM="}},"F8DNVRZYJnKehfB6+brt2yR2WSE5Z0KsjWU32RkuX9U=":{"valueMac":{"type":"Buffer","data":"eUlPV10LaIy76DJcNhoEv42g1fq2SuAixwQsNyFrLEc="}},"GH1ku+IAslAsKr3/C/otEckBWaESYuzOwB2BUX4uepY=":{"valueMac":{"type":"Buffer","data":"MSR337Mx11g2Nkk4hAWsvx14v3ykWANosnF9DL7ImfM="}},"GItZVCqfxWa8U2rEXwp/kNzFCm0db6sNY2f1rpHeAHU=":{"valueMac":{"type":"Buffer","data":"LOjyGqmlAuyhJKW3lXzwp/BDFEDjsBlEaloMWmp6nXQ="}},"GPFyQaMSCL2f2GAZgC4mc7nDUcCyP6aJSgnRLESxPg4=":{"valueMac":{"type":"Buffer","data":"xs/MXkbVqQ/ntF2vYsEk0/EgcbxLhcQ4FpqrusbUN+o="}},"G1Ij/MewxkFHqhNgI4MwMtNbV/HssP5FGXHbMILF6j4=":{"valueMac":{"type":"Buffer","data":"neHSJE2vrrk/7DRNjq+LePVwzVjpbtdRGFEB/G/yapA="}},"G5cCap5Z4XSZE4YdohujZnEH6wth+EhackVuK2NS2Q0=":{"valueMac":{"type":"Buffer","data":"C6ue32cAjxwfqSeHfxTfMSpdCspVLsv7PI6DBsVd6i4="}},"G/gA2TWYeKJrbemq6pamlQmBQmjuKxIdUqUVBDcX7u4=":{"valueMac":{"type":"Buffer","data":"RC+j9xg4mtV1V98X32Mez8loEu9EAO0Z3MzCaLMnMNQ="}},"HBuM6OORnAvJnpdxszhriaeEWfox0nxK24sQPzG/hrg=":{"valueMac":{"type":"Buffer","data":"uwgWxNJ2qMTzDtBslzK9Gd0ZBWTRCLkNN6yg5bJgAno="}},"HCCOmgXfyA4k5EHfYlAAAfVshjQAQIbaZJ46RBBa3FE=":{"valueMac":{"type":"Buffer","data":"Oxp1+YpHyso/Q6UjUGP8as2jthMj5W/H9WPssVdsuVI="}},"HGLigbf7b2ShWbFmid7TRozic8iuUd6AoNXAH1TXkPg=":{"valueMac":{"type":"Buffer","data":"OjzDj5L3DonhYgL2kJATQYyw33viXcg0DT1Xavx3rno="}},"HHlf75uaWibbKg77E6hA3mvrI5zsewWae9HiTjOXXc4=":{"valueMac":{"type":"Buffer","data":"97UNljVj0knVG6tVL6GgIVtbWkeaWS7LnzJP74DZhtE="}},"HLT/aVHjWKfnh2+29z3f7QaC3JXYTVXzvvfaxG51P0A=":{"valueMac":{"type":"Buffer","data":"C3uz8yu8eUZZLMuwunQWkKNIVshJJ4o6X6iIYHeMFEU="}},"HQWl47EfTyuATjU+jBP1OQF09puhbqFIAt+rMgYqrUc=":{"valueMac":{"type":"Buffer","data":"PLFG3kkHVW11bEQFpwkiBhLctLwcL1lhsO02++sDaao="}},"HUR0XG8rH/E4vVMH0iy5cFfTpGVMc4HSRUH+p0JkUsk=":{"valueMac":{"type":"Buffer","data":"UoJMr5z36AQNrh5JslBVrztaxs/z0ra/H0dvqMnllIg="}},"HVpec0tYstfL7xRgetJb7MWtcnLM0088cTNVcaWYo9M=":{"valueMac":{"type":"Buffer","data":"gCwySvYbePLbfqsUUk0KOXAl0qfRuQXxcCinAgbKHmg="}},"Hu9e0CvVCyGKRILMyCoLQ/tAoigNtUo30Pp8csrEzv0=":{"valueMac":{"type":"Buffer","data":"BtrUwQx5ULuH54x7sU8DTcMMAfL5YbbRzQRYJ+MQL7Y="}},"HxCJwfcw6/5YldgmfXiKre6gCfxwRRnFZcCKgLieZyE=":{"valueMac":{"type":"Buffer","data":"HXS8doNq8FHh1oq/uPbbwEfItk1R3uvVzR3Hvfj0RWU="}},"HzQ6CImCvOhR91Gx93P02QKI5C8Y2EOXZNtLOgC736g=":{"valueMac":{"type":"Buffer","data":"yPuag5cZB6lvK3dW2nZ5T02l9pxXV6pSZQbwGdb42iQ="}},"IFEsP2+IXCVZS7s+0keALDZCFfb3AWYUPLILPMZ7Krs=":{"valueMac":{"type":"Buffer","data":"vgkpMxiaXSvt68gvDX2RCE4FJ0kLq+kaRNCoG1VN9Vw="}},"Ibb/MWZCawqKrvQUd6uGtO48CPxrOxYsCxhxoYP+rig=":{"valueMac":{"type":"Buffer","data":"957p5SwtQnwsDPnlYihbehJpVCQ/qbbDY1ZO0jCJRjk="}},"Ig9u848ediD9TN0cqcnB9OY/tlVOD9+d/Oe/uQkOpws=":{"valueMac":{"type":"Buffer","data":"m3VS5qxFrW/8gHRfGI+dkPHegwHVcNOLASFXQYpkJSU="}},"IiDi1PGHuWT414JmRG17n0B350iHlk3Z7GcD6QfXqRU=":{"valueMac":{"type":"Buffer","data":"sHKeIt9JDjnhwDLbuYGEPX+Vcktzj5mtjb4lj3CJfa0="}},"Ingx9Nutb5s8Ja1yRSTPAnum3mwF7A/Llx8HIUtsSuM=":{"valueMac":{"type":"Buffer","data":"jAJTR3ibxO1E1B6sgpfK1WZ8bwBQx/S5yfG42wsxm7M="}},"I1CUfq23jcEmRnCxlI0tQFFc/DuYVBzba3sP8KWDtzI=":{"valueMac":{"type":"Buffer","data":"4M96jeVAH0qRvP957oc8+9PcnaACSgipczUzECj/6aY="}},"I6Rogq1f7kStUGhAN/3aq9AL7qU+0w/0uBILlzrrtm0=":{"valueMac":{"type":"Buffer","data":"GOOL8kMbXmtvAgDGEc30UMzyoJnNpkNg05Vn9QBwPVk="}},"JT+OsaM9bdYk8lk6Emb9wagXRZkKfK04W4+HLSzDYx8=":{"valueMac":{"type":"Buffer","data":"PnafOqzp5I8o57n5a7BN7QpZA8p/P55GDErGxMBV+ZY="}},"JksQz9W6NRmzj4rGQiT6S0HG3WcLuqxY1pfReItNqNI=":{"valueMac":{"type":"Buffer","data":"BtsUwKuByHASG5mHR/F0Pi6CpOyQ7GjT4C54kWZrHuQ="}},"Jnbxh8N8oOm6aHBh6VQKsdMabkol8kmZlV7cMk5oEUI=":{"valueMac":{"type":"Buffer","data":"RXJ579kCj96V9jIoHBJArvLA4Lz9HdgiVIASEEdMhow="}},"JokocRzX1NP0ufpBX8sB1zMuUrJgM6RfNkrIUQo3do0=":{"valueMac":{"type":"Buffer","data":"fpwlWrbHBsG/43Ew52FI4qrmg1isfDCgmFUao81yXr0="}},"KKbbLAcpuLMbHne+hCOFH64UYH30GaOVFRrLwj17qeQ=":{"valueMac":{"type":"Buffer","data":"V8elg5SPd0wrDVT2NXAhIm5U9214Ozi3u8qKIWTqn6k="}},"KS9s3uejftduD/SrEZd6pDoSmIqiCB7jpD93N+MywqE=":{"valueMac":{"type":"Buffer","data":"x4sQ1B02/4E/sc3bDR/1tedp6q/TStiQnQsNZqMA4zU="}},"KUN1emZsLsjok5cQ4m+OP7OWOcoy6dOxqbAvj++4rB4=":{"valueMac":{"type":"Buffer","data":"rALVXQDg/N219TYf3VPwf6zJ8Uc5C+Sg9cebIinVK1Q="}},"Kg40nJegY+clJceo70IomDTzfKLYOfWWo2JuSZTt6FY=":{"valueMac":{"type":"Buffer","data":"60MHxH2WXCXtmKcDrretEkpK1ksAde+wU9rNVNeeXLg="}},"Ki02hG91SLikliA+1gsrM2UcTlyE3AzhmebrB3i1S3M=":{"valueMac":{"type":"Buffer","data":"QExrB1Z19cICD9i7IYhUu0SS4gSh39dmQpTGFJ8H2cc="}},"KmwSE7/+XjxnMQ7VEjewGZzBbUSv/8e1Bay2cNdEksI=":{"valueMac":{"type":"Buffer","data":"oo7SHp6DfdrF7YRO6p/pB0uickuQ5KWzGHUxmhH57a8="}},"KzVSsC2l9bOHrt2AmsO3DYys8cReVcmztBqQh+dUICg=":{"valueMac":{"type":"Buffer","data":"60QFIl+jpfINcqXAuu0WzPCb0+amQEKrzhAet6Zjwak="}},"K7PitWVQxoUaXqS9g9Ui5qCnD/1lNFEKR2w8wDJT/VY=":{"valueMac":{"type":"Buffer","data":"B8Gmg0QDjVZHDS8BmS20YdnWxdCbOlrB62HrR0QxuDc="}},"LCMSzf9MmMDfr+klvAyVXN//cD0M1Y0Nji9+ysk1zKc=":{"valueMac":{"type":"Buffer","data":"JYsO4qIh1KUr3Ouq+uiBF44lwo+R20vWqGFJ3FMPkbA="}},"LUE4OFOyQqlabXQEMY3sM1JZB0zN1QbMvh5VWUoTNho=":{"valueMac":{"type":"Buffer","data":"UlBPm6ivvP6+khTl192EEkyJzUxkm27qGI7mHYoV1xk="}},"LaHBknk+UYRDH+ICsz/bRNPJ+I9u3Y5DdIUnCFQ1oEw=":{"valueMac":{"type":"Buffer","data":"r7slXLrkusB1hxWLNrrUZfm6axqVG9aaFfkMCgAIEXU="}},"LswPd9pfPhlvz8kR98PaB4ChjUyOMMupvq/j9xzpriA=":{"valueMac":{"type":"Buffer","data":"Y3sASI985AY9UlVplFSBwE/aw337yKK2+sS/vu+kCZM="}},"L8MqvnN7+O6gCBGrDsKZ3tp5IZbQH330UBymOvbgm5k=":{"valueMac":{"type":"Buffer","data":"lB2Tfl3nlP5lFm5uziYqpyIsauVOSk8zbHR+HSxAj3Y="}},"L+NLOBE2VghlAnvNh/FQZVTBRwqIZO5BGawbNyiLtus=":{"valueMac":{"type":"Buffer","data":"Bs/7Fwyq0iOMfgO9yKcdK7ktLAbGJOzv+trsgPfWRzM="}},"MDsVqWv9bLWHnTt+r0+NaKedhGTtC8Ws5KxvfGxc9mo=":{"valueMac":{"type":"Buffer","data":"OP7xSZRFFfj9aRVjRX0kQ4w/7i4haaJeCX8qDHlc7GI="}},"MIY+gMASPWQlUDtKgp2eFUFzfsmwEh7J7Td2IvQ7c10=":{"valueMac":{"type":"Buffer","data":"ZMFESZE3OskF8Hp3iv5gJdXrFNh4D+FYdRpfRpfeArg="}},"Mbqhhcuu/6EeMtUUCC1zgt8B4JQaPvFgRSgXEMWWYSc=":{"valueMac":{"type":"Buffer","data":"576yGFRFwOsPC4vG6h6E7cuIlGG0oI03LvLyv5xYUYI="}},"MhPDn3rzebYvr8HiBbxIIGNUoGZYjiAc68xzuRwpYdk=":{"valueMac":{"type":"Buffer","data":"YeMK8URPnc56EXaCb04ChgKMIr0wUvdEa+/t/oSr57g="}},"MoiSNsqX5V44xh5PXw0vNrpSsASmBKkF3GUMw41tXYo=":{"valueMac":{"type":"Buffer","data":"IyASrubSRu1YAhM20y2E8SvlxtYboWDJDAcnPUpZ2q8="}},"MsGH/utV67IFa/O2PPlSRB1bNzwetD1tnlK3EC3k/RM=":{"valueMac":{"type":"Buffer","data":"X/cRlOnnyuNImQtPvuGmjWYu/Tkx4NxUz9/FwZtMQSE="}},"MtGfycdoKA6PXXr9kbgcOPzKHgtEBuZrftup3iTjFJk=":{"valueMac":{"type":"Buffer","data":"MrmItzoe/LOYkr1d3O5g0OcnIjoAa3SR5/dtznScENs="}},"MuOvVia/3lwIIODE/xqcL9z9KWuZ4arCTfWjvRAIum8=":{"valueMac":{"type":"Buffer","data":"dl3SRNgsjjK5n/PI35qI3b4ZMtMYBTtgTQVzfk51b9g="}},"M25LOwUYatriXan94reiGusrOo/bK+eImnVkuVt6LzQ=":{"valueMac":{"type":"Buffer","data":"24kymirChwMyu8WoviTBOuA931kqaex0mogV0Ozywl4="}},"M6qTou0t0t5Bfjnzcqlx0AsAzSP/b2ZAODqjKZG3CHg=":{"valueMac":{"type":"Buffer","data":"IZn+/Elap+JaNu+/6+assX4L0TT0rXTvL1gGzN7whxA="}},"NDx7H7/hteEqWSaiok8mVfbMluow+vPFI7NpVAR3e+E=":{"valueMac":{"type":"Buffer","data":"dAmi/6AHTZHcYMdU+VUL85qrTD65MngXBNu5qsfsQXw="}},"NFeuLVru7yvDn28cNwclq5qmAv/9oOoofnhAcY6HOco=":{"valueMac":{"type":"Buffer","data":"f7VbHsnuFYGwEsaTZI0vpQyAUS/VR+cunra4w8tZaBE="}},"NPWt4r/wApQu4+Tz4MHMe/rFY1AO9XeTVkIg9zJ6Fqg=":{"valueMac":{"type":"Buffer","data":"SkoEbURof4ND+bInJgsnS316XFmoDoJxb33M9XvYEAw="}},"NdAcOgqKA+pPYJPmlAHXiQkTP7nsg27R3XpmzjS9vac=":{"valueMac":{"type":"Buffer","data":"6QELPf8Pi3WPL8LfhJ0FufSuSULm8LJmIhARlnVVnDI="}},"NdRLaaJp7cMpf8cywFQIfplYsJnaU+aij9QoFUleNHU=":{"valueMac":{"type":"Buffer","data":"FtDl7lMSrLjlANvLuoqUa21sOVVBuci2YOM94EdPRIE="}},"NfDHJWWV+hrFqgEJnRUGA5rvyEimPDgHhEDf/Kzs3bQ=":{"valueMac":{"type":"Buffer","data":"u/Da5DAQWPz+hYT62wBxrUA7m5HKT6Lbu0Y4236CO4k="}},"NsRKIVvImyhrUXpuP865InwrWosXQ6+PiG6XekPTrEA=":{"valueMac":{"type":"Buffer","data":"Ua3GRsGuIBJUc/5DuHepgqEsr52P3DfCs2hK9IDWZSc="}},"N3fHMet1nzQToefNd/r8DwsgGdKLqcrsKEU3+vy8PnU=":{"valueMac":{"type":"Buffer","data":"XZskNMTlBRwDUGXpdz8/VtO6bp1BD7I1sJbY8Ye8zug="}},"N8KsJp9GtiSt5sXS2wvOskR6SNdMnUMzyXAXqRzHmvk=":{"valueMac":{"type":"Buffer","data":"wtCMLwHv1GoMIYPNFjHXNkGDet/bQIAO0O8whAiyL1g="}},"OpTuP2oYFGc/k7dlgrlOUeBrgWEl+yUy6JY2mVa/8f4=":{"valueMac":{"type":"Buffer","data":"69PtjDbkuR7ew7gAWnH/1B1yMvIEtzS77P0q4qTxAyM="}},"O4hsuRpPaog8y1cqsHYzp0VtHGt2vuecJPoKz6lpcrE=":{"valueMac":{"type":"Buffer","data":"piUVUcZFYOJWJDf95uetlwoIv/942rLeeuPEFG9+RbU="}},"PHSMW6/8iMJAWhvS1yoEVmL9KXK+MJ6UX5nwEe67Kz4=":{"valueMac":{"type":"Buffer","data":"aVsg9APxY7fWQ9vJV0CotRd6GwmVFxBlBY7EnWl/MM4="}},"PPlxXCMErvZPqpVrEzOLuGDzorSrLMO1DGC+FSIEeRo=":{"valueMac":{"type":"Buffer","data":"iACLHdNX2wSn7G6wePNKnGtJRokGhJ3s4X2Ue3EpQFw="}},"PRQYM3NdEwknA0ZbIWJ0Y1bmm2KO4OYPvNQ38luv7+Q=":{"valueMac":{"type":"Buffer","data":"mSWre2YuQWJ1vQNjJ8rF9WqhZvzOY+Qq5IKUCzatSa4="}},"PRaFGrDqanD58R4Yl6AQ8re4jfGqU9HDmaCO/FNQg8k=":{"valueMac":{"type":"Buffer","data":"aHaoDIxBWPuFxgV2EOvlLivf0OX5GWmOPp8IvJY+tPk="}},"PhJxBlSrjYqv0g6SrwsZjArzYZt6zlK2IXyc/5rjnUU=":{"valueMac":{"type":"Buffer","data":"pLw+2458yaoycjlu/6SoTpS6dMuFCRdsd74QfnnVoCE="}},"PhlGKjsoer6qnht7ybBqPlpronKmSaOBrS4xe/jZbaQ=":{"valueMac":{"type":"Buffer","data":"XHr6nQPe5ydkGF9AyUNDAnHg4rBJYY3LzKS60no1MNQ="}},"Pincreu7BMEdqSW79bToUPMYJpOKGLvrPOjmtr1ztOY=":{"valueMac":{"type":"Buffer","data":"Od4WN8ZHW4DT+CXEBoIQtq2q1H9Api+/+ZB/jSSZaV8="}},"Pl6d/BOIL24yGC2VyOs2aAKcDma+ICEaRWGH3DX+KPE=":{"valueMac":{"type":"Buffer","data":"uhKsHECDgOjTmGOQWK9poxJvDGgyfgNbh/rdhenhKv0="}},"PxT9W2L6GBiL8/dDhJetxbOdPNTHH+s7kVqEnuBAF0k=":{"valueMac":{"type":"Buffer","data":"WmiyQiUluyLv+DKVm0ZSKUMKZXbMiYBAwuhDceYVcZA="}},"QB028ub4is19eb7BK5NM+A3RjnnHm0+Ogfut8QT0UaM=":{"valueMac":{"type":"Buffer","data":"Udfzs6Sdn1HvITQna4j4QSbhpqPbUx8jgUHdCgEON2I="}},"QHafbXppA529rbQ9H6URxxPKrFhhi4oxESeFpKzwgWc=":{"valueMac":{"type":"Buffer","data":"Ioi2iqxd7yvVzuYqrSyvo+l+No9N836cz5UnvcMEDEY="}},"QL9I1fiUNAc8ADv2YjcVYEIxrUC/Mn3prMnjmQV1vOY=":{"valueMac":{"type":"Buffer","data":"m7lWzlfjhrLWmjHXnDk/9w+88WyblwXM7GyDIjPYTBw="}},"QUPhVOFWX08h4/03qIIFqXI4YYtFpNfz4jeYIkeShCY=":{"valueMac":{"type":"Buffer","data":"RWSQy1ZnTPRJK51kgEorqCWlF73y7oq0LyzbALObtSs="}},"QW6UGEp6dMg0ByAOzpp84clB106/IWA7e5N64gvR+cU=":{"valueMac":{"type":"Buffer","data":"PLk9AV2yd33pB7OyTVuNDxpfszd6E2ezalcAruEN6ks="}},"QYqCYKPi7K6pYqcft98L8dCugOHfl17A4nzrmz/xiSc=":{"valueMac":{"type":"Buffer","data":"ykTZUS/Tfl07B+hfJfT9/4CyldjicGfLK39jjSK1mHE="}},"QcUboFRaYAPfW8bXbQAt7nYo8/8aQ3hUgTly4NKV8go=":{"valueMac":{"type":"Buffer","data":"XqmSKIl8t/Gw08iTc8KfLgKugAS8fTqB7754rn28nzA="}},"Qmx4o5B/GiJjc5Hzjdhh9/FyypHvNGWgNWOHe6k2HFE=":{"valueMac":{"type":"Buffer","data":"Vb3MA49F0Pg9WHQJY+XOs536XBj0leZEttOCHxpBhMo="}},"QthCDQrA7ByOHN/PBOXoUkzduQcK0ziluV2QqZSLLqs=":{"valueMac":{"type":"Buffer","data":"JuiW/AmKUGLS+mvgSQjWygcnb5vUoLjsIBtOMJmFjm0="}},"Q6eNflAmRGu6RWzP6otiYc3AmepWlSRxHdZf6rQmLNM=":{"valueMac":{"type":"Buffer","data":"fCMJWoYx3Z1jtbR94rb3kCQYyA+DQYce1MYNdebzoPY="}},"RJFOW4PwIWnwV8QdXvhYndzVK39kYvv89uATzCgrLrA=":{"valueMac":{"type":"Buffer","data":"SxUJEa+jx816NFJ+R/gdaZ3ID5Kdm2eVk8hrYTvosfY="}},"RLvkw9noafrYMgjuhWFexnd5kAaAa3OmFCnTt0Bt3+o=":{"valueMac":{"type":"Buffer","data":"Ruptjc+kgjk4SQayOLrgUVGu1qu2hc7Bzgg57DkCKro="}},"RP0CC59oorBAUgtn4SYbqESjFCh20VTgelOIrZAR//g=":{"valueMac":{"type":"Buffer","data":"x3TYPZlaC9ajHkfuwjVOl7u+nxrVvGoDWafezqGGbP0="}},"RWKVFXWswUVGlVt0LWGsnuTdUS32mOPrxob9twVtH8s=":{"valueMac":{"type":"Buffer","data":"dWGDR3F1+8/bbFQ2wHlzU712NFuNb2+SDQQ67OQLAro="}},"RWU+mMuBkXvA9rI9jz7/xijA9cApqaLCaomce+rM3sc=":{"valueMac":{"type":"Buffer","data":"RLRvMliLq1QHYMcT7jNi6++6NX+19ru8Naqe+9Y4P2U="}},"RXZagXWDHkmUC78XAFzYCQvxOEOT1t3PaZhRXVrOA18=":{"valueMac":{"type":"Buffer","data":"9N1IfASBV8cT0ZJV3SF1+tAL+t0P+61igocqJyqjOnc="}},"RhKtPOfmRMVdWYsO9GSUnvQUPUD7+LkPHp1UgbWN4ro=":{"valueMac":{"type":"Buffer","data":"Adkrc7TG26EgrpWdlXJt9XujDhVeOQJHfLFlm1V5awo="}},"Rn+6OxDaCb30VSyYSUybFl687Jkun9lbj0eWWbOgpJM=":{"valueMac":{"type":"Buffer","data":"nRkiB8RBFAMeZwMP3T/TSoRl7XCtv+rJU2J4VOghavA="}},"Rtn2KoayRGjhlSpQh4v0epM9e1mJI1I0vvdu0HeyPT8=":{"valueMac":{"type":"Buffer","data":"N5N8FZahe/I602w9qbW9wzSJgT2mYxiA5ap1Ta995JM="}},"R61/S4tPzynSUaP81jbDD1fmDmwaQ85rittbRvFscwM=":{"valueMac":{"type":"Buffer","data":"uEaqfE/KIvuReSbFZrufWHLQwXqY6nAoYLrbsRKPMaY="}},"R/HMv5omNbK3GopQXJSX8/YYf/rq8DYKSRo8eFpbif8=":{"valueMac":{"type":"Buffer","data":"TcfIUYPOnyfMBcaTWLIk0a0kvESV671eWfEgEAFYzFY="}},"SKpckBVzcfMsNSNQxiYRlJMO/kszTU9YhAztB470DV4=":{"valueMac":{"type":"Buffer","data":"/aahDi39ehMDVuT10Hsi7HXT7IFehFd5m0UHMwQj9K8="}},"SN8uiCEPrDbf7d/fHxmAdjgi6W0RxFwHqVzjy7xHZtw=":{"valueMac":{"type":"Buffer","data":"PXAv51QmOgfDfT2PThJezfGbIt8lfF+pdSjoUdrRMwg="}},"SQuHzZUfPsXYYWwomqGABiXzvlytoweTJi+hLhvUBo4=":{"valueMac":{"type":"Buffer","data":"twkfmURtVw2KiWvk63KGrPyFi0LnoHWl6TIlbxB7jHU="}},"STOg1bUkRAI5+EDaaVayig10zsTiouKLqeKeoNezMnY=":{"valueMac":{"type":"Buffer","data":"43veDgV/c1jZXrSjZgKC3bDLwWsCtdv9l6+ib1ky66o="}},"SVmRvJNmFKYuiTfeVl34VDXyJuii188pdUU7MKpLOcc=":{"valueMac":{"type":"Buffer","data":"KWnjuygZn5yQlH3lAyyfFtbTYqLH6YPQpW2sneDUS3U="}},"SVtni0Ee4n9h89RR1RTG9OsZFpLgffApbZOrYm1BYp8=":{"valueMac":{"type":"Buffer","data":"qQktidsWYAJ6XPhWPXzmgUG4d+HmBr+ZyKplbpI0Pb4="}},"SlvObTaF9JjkgrKMeK5ef8dRMk6pIYgRG0wv8zDUeBY=":{"valueMac":{"type":"Buffer","data":"/3IGZI1NF6F9/F5z+xEV1N/178jAQ1UGyWP/UKP2zTc="}},"SoTNARfLpvPxJxs1Rlq87+SaxsDuP+WVbJyzkeTIN+E=":{"valueMac":{"type":"Buffer","data":"LR+hPI0WOk3N4JMLxMSj7gtdNtJQ+VxZ/+qrN7umWUY="}},"TWnoR2HvjKsTC4ycLODoDOWsz2wsfI+3i1DokBMEeR0=":{"valueMac":{"type":"Buffer","data":"57itPWnqeMTZ2cGEUGnm5BLgIB9QAqw1ZL9pDlZmUoQ="}},"TZlVLPURqQMs71XD0PIxCbiBp88DLldSQ1if3GqK2R4=":{"valueMac":{"type":"Buffer","data":"4QgyfBzgLhLFnr8bAT2SSXvUhEXhh5B5NmqCHoabm0I="}},"TeGKyR/xoY4BQhH4t0ALIMH14Bua8NWmYAZWwxU2V6c=":{"valueMac":{"type":"Buffer","data":"P3yhDMkaBeQ7ard7/qD6S8HbARn0hI4vWNDs4KkICHg="}},"TiDnFCwEhDfZvXAOkhG6DMD6u3O5t3XyGZXVy93AsA8=":{"valueMac":{"type":"Buffer","data":"imJnvDO1GZI/I6PnXb4YzFYTHQNadTlXhQFg5JiYTzg="}},"TlWovqdoy3W/kkJHhLoGyAd0G3ryE62oiBhwxmauSPA=":{"valueMac":{"type":"Buffer","data":"7cCAx1N71PVOiHRlPJLogGbPhRnJr7/sOd1cnqQs9rE="}},"TyICXIYB1VzdoZWYL+joD2Mj+6ZKa4nN0Sca/b6GaBg=":{"valueMac":{"type":"Buffer","data":"Xs0kWbQ64V0JPF+w4P677dIARHzhq+29s2+F3usTHX8="}},"T6heNwODhnCtIj3/eR3JME3A4dBUVWNHFuKRYP2IXII=":{"valueMac":{"type":"Buffer","data":"vVh1K35Q3q7Jz391gHDVH4Cx8YepXvgwla2Jeegn+Es="}},"T/I7EUgJlc574KoPQTnOszzZU2Gp7JXwo2G1Ih5xy78=":{"valueMac":{"type":"Buffer","data":"dcDAZ4YfB2r0+wD15j+nCd2EhstuDbHPK05H9/XGua0="}},"UBkqrBd7SBggwdhe3h/Y3O4l4zZaf0ya5IzITg1PzD8=":{"valueMac":{"type":"Buffer","data":"ic8/ezB68f9GmlOaZSn9DXQl7DaV7Bii1Umrc+dE/YU="}},"UPTeh3BaB9n6mftlwAmpMJ5jKaRfMHnOv0pJLfvVsD0=":{"valueMac":{"type":"Buffer","data":"xX+QrZvtLlGv1S1Pdog+guhny/PV1zDMh8jsB4hI+oQ="}},"UWe9G5lzJCyouXNxlXERu2/IlTtyjxfncxulxX4jmyU=":{"valueMac":{"type":"Buffer","data":"9Qtf1N4BfWp4LJlj25wT/Kcdnt4PLOnd/qtsEmojJ1w="}},"UYj4KrtbLhxlXaUYPTciqkjsNnSpsmBc9Zzl6Ks3Wb4=":{"valueMac":{"type":"Buffer","data":"G3KJs3vufZuJCrfI9ShrQPrXGnN0zmRtB/dP/Q3/b44="}},"UcUghQkgjK8vgA2Z6wDQrg+ufgeKSmC3wzUwyM+n7K8=":{"valueMac":{"type":"Buffer","data":"v05WpCu+QQa58D+LI9hAPft0ZCWC0beNUXU8L7rKdnY="}},"Uccc7EtjCYzuscvwlYcw/f9P7+fzjC6wsi/u8we783k=":{"valueMac":{"type":"Buffer","data":"kEGsH6iMtlbGt2ip9fFC5IyszgxPLpH6zGHWIZPi+Is="}},"UdP9UrJXM7jz65k8EiRosN6s6+SiHum/XZPM7VSHLUk=":{"valueMac":{"type":"Buffer","data":"i3kvrkuBvZEsueOi7UVILih4yJzFbqKL3GkfOhZQUAQ="}},"UeAgI+/mtOcYAv/RtBqHDmyASNkr+wtmB7ScFmZnvKQ=":{"valueMac":{"type":"Buffer","data":"PXVTL2zgZ2p1o7GeL8Mi8tnivXDGxBSywtPnUlavuNM="}},"Ui8VLdpkYAMHuAnnO22QgtXymh790X0ZB/GzLhgVOJk=":{"valueMac":{"type":"Buffer","data":"T+VY3uzaGSI1taQWFkdQbxnj385HwMDB/4B5KznqaTk="}},"Ujgzt+Aaj1kwQIuWeaz9TlQ/vpEeqv4gTJ3LPYq/Ryo=":{"valueMac":{"type":"Buffer","data":"wLvJE1K+9Z+E1Gbq6wXSUYyyUGOkVBMMHNhmHzxHUTE="}},"UuRHb5ztHt+uO/Wn/mvx8iqIcoOb7rrLDLarNtbw6/8=":{"valueMac":{"type":"Buffer","data":"0nlrd8zdY3JSkHIsJS0mGUsLhBKgmUD8E+3XO4TRfr4="}},"UvwoFn9h9GpZJ9mjwiosTMfwzX6CsJRIb49OkrVpN/U=":{"valueMac":{"type":"Buffer","data":"i3dU27nQojTExUqjmdSUzi8/oIVNTSQ6RdVaZOGKlS8="}},"U5QDpBcSoe0wnJxvMzXQeP6huzEOXqPps0LDUwiD8xs=":{"valueMac":{"type":"Buffer","data":"wQFosmqdr1ETQA/ui42L6vcDTwrUM3b8JelfkIrwWYg="}},"U+pXJ/5+/VkPsJSQQmqpvienEYZUZT9+kL3rpG7AH10=":{"valueMac":{"type":"Buffer","data":"Z6sKRqLzaoOLuz9onlu0Vyp/hC2ry+jACDJox6iGTP4="}},"VQQG8ds2xMe7pszCfzwku8vxZsVGRc9xPLluWDMVXK0=":{"valueMac":{"type":"Buffer","data":"+lFTNqxy57vKxsuP48NlZewIMm9llh2FHRkLGkgt6Gw="}},"VQd1SMUxbyH8jjAOjpnfe9fzeQlEBYMOaAQMeGEAOaQ=":{"valueMac":{"type":"Buffer","data":"Vj+qRssXqcKNiCEWV5mNz1DG1lptr+YABb+JhwUcJgM="}},"VTWbm+58a1JuSVQDKvuXFonIuZyUlufvZQLqe9TR80U=":{"valueMac":{"type":"Buffer","data":"5YBhCKcHH6nviQJVr+7aTT9i7GFS35dtSXdHAESxzVk="}},"VWCGbZIteYon4aDSAVDAmH7PJEv/9dJS9c0+8qSAsqU=":{"valueMac":{"type":"Buffer","data":"jwIkIBhPXG6Ixs2o/6EHAUX9oX5TEH49c3qV25zfRaU="}},"VhjiILlUrVuJZiBg7JLGv/OxsUuQH0yTav3j+PWbR2s=":{"valueMac":{"type":"Buffer","data":"5EZo8Yz6g8n1ryDzgmMBtq0zdzVMYF6rg7ybavtjwvQ="}},"VwUnfB5wDWwQWDDpTIor35Q7QgKDtkDYxsBLcVwWPG0=":{"valueMac":{"type":"Buffer","data":"iCstGPAktMXRs7NMyVsz0bM+OlrtGHqS639EN0Zaqk8="}},"V3NuzyljNLSGyWzd1KGyiaB77r1P0tTm9KB0Bxjn6Ug=":{"valueMac":{"type":"Buffer","data":"YQYzpkBDLnG6t6CrDeGlXi8nPUWJJ1Pg+3ExLrDyzoE="}},"V9KStxei1MhLcjVtnQ05veoqtiMoGU4bWT30QTxNmKU=":{"valueMac":{"type":"Buffer","data":"4rL1XBOPOYd+CxNqVV8gOIN0xPqvJE+sjFGBnkLqpEA="}},"V++Wiqrcv7iBmlau2kkl2SwIPuIAC7f9ietV+0SkZaM=":{"valueMac":{"type":"Buffer","data":"WcaIAsRq17Dwuo33VaTlSQQpl4N7ZJ07j8WhaM0DZRI="}},"WFNR9OfC/DyuKQ0fVkyj2iMK0cVCV9HmTB4TRYsUcgg=":{"valueMac":{"type":"Buffer","data":"faZeLAnv2F4gjkPA8vUJQhQ4BOPFo+27NaLpyx69w80="}},"WMkdUoEdTdm0x29XusNlyrAxb3u+loDfNf7nPUAsbfI=":{"valueMac":{"type":"Buffer","data":"wpa/YBeUpKGZIOe4qaBZ3vMwsSOPxSwYZ8ZGQjWJ3p0="}},"WT5UfhbbM4UFBHPeszcdPUK8Opgp6N9/Q6GZc+bYmRY=":{"valueMac":{"type":"Buffer","data":"A0ZjJz4ZMNNkN5+3WlJpdNtWKdP19FqLmAhV2DZ15lI="}},"WWzpC3Tu/84KFkwsZiBufs61GXKonPjmEpHyJUVPJ6c=":{"valueMac":{"type":"Buffer","data":"jUo01fNvkAKR71vpAZZlZEk9S3UvbjbblH41TiQJ4QQ="}},"WYHAD6r+Rfcet5tlZ+ze9Qf3BjrCPJ7Wy2lKWwkHFq8=":{"valueMac":{"type":"Buffer","data":"2o2BUWuWXkxXiJQfZlIDr/2+9Usy04qwftB7e13Qbyk="}},"WaTWIwnkPAe9jfXti4sIMopwIToTHTewwueXGXg+hVU=":{"valueMac":{"type":"Buffer","data":"M4YkWbkCQ3jbWLryaJqfOZ0ZXbki3l5JSn0HIssK2tI="}},"WnxTh3YZ3xi4BJil7/LewCnnBVYbwL8/DxJiGqbu/G0=":{"valueMac":{"type":"Buffer","data":"fTsbhF5HdYc6DPZjUOeCnXyzXS5MA7oMw9rKEfRwBK4="}},"Wt/8v5zEVJgHwwU7zYfsHDSyfYmBm4g0ZVrTKjc69pU=":{"valueMac":{"type":"Buffer","data":"BNFugaYgPvuyUgG2tWbWspMnYR3tC3ETXaHAaM5zTww="}},"W4jwsTbpYE7+UMRb2Lr0MFHsZxwuid6dIFVEdhBNpHs=":{"valueMac":{"type":"Buffer","data":"PRAWeuyls6FrmJMenrMhuoF3saaT+yxBIAs/UvRe8vo="}},"W9bCfJ9TUWc8lJGO0OYyQcuVfAD+vP3m3Ea10cjJJ6k=":{"valueMac":{"type":"Buffer","data":"Wzw2oQ7ejYNEd/s78QR1m1FGNiKTaV/9X2xCSxniPSI="}},"XD9ATPSrn38I0DzH69q98NeSXnnqVeLC8PkUWzxV3DI=":{"valueMac":{"type":"Buffer","data":"KtVnjE2n6ePT6A/iqnoyuTMnut1U6DUpHH2lHlkgrvw="}},"XFOZCuEk1Rr50NhlbYtrZ5epbEluPLTh4BJcYkO2N7k=":{"valueMac":{"type":"Buffer","data":"8iCMcuNvrMWG7hpGtDff2Nz4Hydf4xxPxIpMI1Ku2So="}},"XIjtD9LhwFHfpfjVEuTAKuqbNkxee2FAh+DhCxbEbI0=":{"valueMac":{"type":"Buffer","data":"jI+qdYuStQJPoTUubc1gcEkA48l59Bbp8bJ6636oSic="}},"XI8ZhM4Uw/Vhep+7TmjZSFaT9eGLm1505HGWhJ9aNI4=":{"valueMac":{"type":"Buffer","data":"uDBhb61BvXIx02T4G85IqG/lQGCPaCrHq4HEGjuWLZ8="}},"XK8vPcNSdGTlAFCtUvl+W/KmPHCbpvcjCuW9BjiI+78=":{"valueMac":{"type":"Buffer","data":"cExEzwYXIBzJ/Ddstv+YP9l9rh4UKJ5OilXnH759iW4="}},"XNaSQCseGc1q0SSitVp0PdRy0p55hsl6T6iavcNvJ+g=":{"valueMac":{"type":"Buffer","data":"KQEeumQFCjm8dJe+gOFI1XPaeNldpahtEQyU82nCMU0="}},"XUEXEK9utPLfqwBgRq+wjgRrUc64rLDWMljIMT13VBk=":{"valueMac":{"type":"Buffer","data":"U//gOGcpGvJZiPkrln3Jt0HlaMQ+UyLvtqkI+ZKV35A="}},"XU60z7pWjXsp/0jB7NM5cUaK8TOKP9pEgaYcAazKYcw=":{"valueMac":{"type":"Buffer","data":"eFs6SmpmSxC2xi7Wmrejn+PQOAAW7IN7aer5k9DQZOU="}},"Xlk+DLOOb1e0EEy3HQKVwwxg4Y9V9Fb1S+XMqeQ83jg=":{"valueMac":{"type":"Buffer","data":"SQEAv77U+v/j9C/zU8Q1EVnL0iIXOWLLOF1MmRItiUk="}},"XxWyCGhsQH1SXxFyVZVn9MMZ8kyY5ZXoTriE954lNkQ=":{"valueMac":{"type":"Buffer","data":"970BDqm3LXnQKT62+ZDdNfPF5J61FTX+ykfjGbytsi4="}},"XxqnebSkurJYgqRiBe6vSKFIRg4DpsrlkW0ONdbV5rw=":{"valueMac":{"type":"Buffer","data":"MloWy7hu7v/y9Em/TdHmMOuqcw6yknKVmthBT7p72oM="}},"X9DFna6SeWT0lD6i7fOwgjLk/oQBdjVOpnT4XZ3CwpI=":{"valueMac":{"type":"Buffer","data":"Fv6PSiNsPHqwDuTXWr9Km9jsyjAJM9DlIn1PJG/hqUQ="}},"YGoS/0g5FBb7BzOCr+apvMyL964J8ZK0MzYnJgCSDMU=":{"valueMac":{"type":"Buffer","data":"d/sCD0Dxc+M7yJYvvDwZ4qUQHnift3OHw4TRKNARwyQ="}},"YKskaUf0+PgMW7KrIXEE5HVNLBauEKnyZ0swWWuD/6U=":{"valueMac":{"type":"Buffer","data":"pKSvJxr9/vzLUQT8tAY3R/q8jjXRf2/yR2e9djfiFSA="}},"YLxStWN2+ejbitET9+rxWSRC0t4gx1Ww4Hl9tXDKAE8=":{"valueMac":{"type":"Buffer","data":"dBQ526lZmECbsLNO0y2iIc8h6yYpGEPhRadsOdaBWgk="}},"YdpZP22uyhTycflfwJ9RVOGxF+daaaehjMnCNR2Iw4Q=":{"valueMac":{"type":"Buffer","data":"W3Dr2Oi8yvJtOLdhPzG+TlgDKyNdsS8DcALl/MSvZbU="}},"Y1Lzs1wHZA8c/iR9ns9AtrhTpwqQxG1fHKkQ+4dBoBI=":{"valueMac":{"type":"Buffer","data":"GgbIFS0cfVCh53JNCm58FltT0mo8AG5q0+L9S0l6m1U="}},"Y6tfz/7D3icV1ZSaH6hMyT8Wv75iGdS5KoeH1Zrj5Kw=":{"valueMac":{"type":"Buffer","data":"LHcIhw3Skfvp4Rrl6oF7rJ/oAYC5X4QMPvtcjsi7Vz8="}},"Y8dLshflSKIennALgT5AvNj7S/0QfghWD1uTzr39cXw=":{"valueMac":{"type":"Buffer","data":"U+sTZmMadCiGHZlsMPwo1NJd1+i3U7inDCMpn4Y5QmE="}},"ZM7N5Hags9awT+2CkwHmFtt0R2q7Z4+aFmVS+B2Y0NM=":{"valueMac":{"type":"Buffer","data":"M8XuEU04uO90bfvGKXExoAlJtG9Uur+w2MvX/eMjsxE="}},"ZbZU/gxGYcnbe0lvWWxrg95JI5bWNaPPBT7dfbCXSUo=":{"valueMac":{"type":"Buffer","data":"bjybwMBG/169AmBXjV54nywHTcrgINdWEVGmW7y7ZZM="}},"ZknAftnKbJY8NfHfs+eUWjfkNFmCBHBOMBL+3OMpvP0=":{"valueMac":{"type":"Buffer","data":"mTOWTXSwmDxguzArXnvoxV+71Yw1LonJsyZEklzxhcg="}},"Z1EYdEwy7yXFPyiTtFQfbjY0/O1Bhw31IWOevxvpfEw=":{"valueMac":{"type":"Buffer","data":"UtDjyVqgVC1UzOelmepD266WsYWpunGPvdmfC7mjL/k="}},"Z+IgQa2sUHLGn3T9llB33LjbYLDTVhq0Mtd8LTSI5dg=":{"valueMac":{"type":"Buffer","data":"GXJYvVJP3w26HlTx72+C4V2mABc60H9goy/vYJ15ILQ="}},"aKjY/1iCM3c/Ekqt2dnsUFln0Bvr6QYSyXihjOkQGlQ=":{"valueMac":{"type":"Buffer","data":"jV9cEmdw+f4iqpJGLjpBCJsHbD8ji8wstjSvnyUdNpk="}},"aR1IPhQ+7ut5ygvx3vfHOBFc2RM3Grq4JcSAp4Rlo0k=":{"valueMac":{"type":"Buffer","data":"coB2ctPRHDgNZWwAA1zIpaBa7fCITPf0p6+yGHgGsoM="}},"abUqPBr6YFDCVOgVP8eYhiQQQouDVAlFdEwK3DTYaVE=":{"valueMac":{"type":"Buffer","data":"qsJvcEhiWj52OJhvBXLjew269eCyonIugjdSpRGkdpE="}},"adczdsgGM6qY/msVYu47MSNAp+dLuCeyfhr/2yTE5ZU=":{"valueMac":{"type":"Buffer","data":"RkzvHfdGrs/HwRsi5vMV63t2Az2D64x7LCmyh8WIOyw="}},"adlRCbjF0xx1ylscnyu/DxYljrTPnuoaSAMN/Mnji1E=":{"valueMac":{"type":"Buffer","data":"4qDIVCz9+LhBzcE4+BRd4LEsd2JCwyBC22CtXTr8X4s="}},"anCs1v/SF+uOx9EkDV27wjZK/Y8uh3jdszBQ2G28Kn0=":{"valueMac":{"type":"Buffer","data":"8kwusBAEXrjntT2rSCVRiECI4rsjuwecTdmhqmeNYLI="}},"aoOGVxdQhnOPXve62QXY7sGmBH2V7q57g/c8+AiR8CQ=":{"valueMac":{"type":"Buffer","data":"g6Yt4m6w+qqSJKFa0vjOoy4kfhlEABqxQWBEc8YeXTA="}},"aodlx3aYy4ThNNCjJPznv1843yn0Q8u3IGIy7fqAwD0=":{"valueMac":{"type":"Buffer","data":"ytiTG+d9+r8JcP7coa5SBZgAz6pAL5UGynUvs8BxjvA="}},"at+ennIbzg+p48k8Iagd14STkhZeYH0G1lpMitmKCiI=":{"valueMac":{"type":"Buffer","data":"AIHZVSKj/2SJbNtVO5oLgpbK2P7NOzXMH8JK5u44iLY="}},"auzYdOFG/7lLBwFVBU9fPrmVFuTEnZ29tdAiHFxm/Yk=":{"valueMac":{"type":"Buffer","data":"LdB/Jb///BGPJ9iAmESynKznI26AAjlgb9a+NVXfY/Q="}},"azonvOZ4MCQfIFPEUb2NIkPUfG9Jsi8Bht936SJf8c4=":{"valueMac":{"type":"Buffer","data":"od9T6MCbUL05U3J0mUdiI8Sdd1BejmQoLZqCt/OGr2s="}},"bFnIpNqdrcHgIR+SjWfVa3Y+q09PVRMWZwO7J/+atCo=":{"valueMac":{"type":"Buffer","data":"S2A/OpDtW9TLFpscP/3ewI45fH0VDY2TH7IhX5NIxso="}},"bLsfTWo+UgUbvgBdwZ5oCBu5KgtIYV0U1VB0QA5/iH4=":{"valueMac":{"type":"Buffer","data":"XZQRpSgP2gJBrUBZAXpdA1VeTBw7vrTu3G9ZnyUlqHM="}},"bN2rKXZHL8bxjWTXTbEcbA6jlymRgukMtNN97+3Q/eo=":{"valueMac":{"type":"Buffer","data":"tbZHrtVuLvMedmjbRBJl2fymvnMH3JbUfFqP6WY/vh4="}},"bszJVL8FTvtjVH7rErR65ndw3K66K6ffQbSzS6Kj05A=":{"valueMac":{"type":"Buffer","data":"90brECcbFMmO4Lh8N1YsVfKxSr8cNUXdyKdTTSlKFQY="}},"bvHqhiofgOq9r70Tqf+Rwxli1+ECg07sQdoTEevbO3s=":{"valueMac":{"type":"Buffer","data":"XJQjhnkN5pw72Ug+mihoIFsUK+Osr8cOOdPi40CNvTU="}},"b0h8iAbOYkWpeXrQgJJH26RyvzavOrX3drk7hsTY79A=":{"valueMac":{"type":"Buffer","data":"wJvpu8hjT22xykXbjp71Sr7gN/zX2s4QvNy4o+E5U1M="}},"b5NiHJLa1fnv8II2TbKk0y3i5D3iVSg7D4OCtD+TUNk=":{"valueMac":{"type":"Buffer","data":"7OikuObR669lBC4WVMODoyhdKFUpCbZ/xtOtOdxclXo="}},"b+c+H7FjHWIvPdx8st/DHTV5qUgic+k6L8lwdWuHKbo=":{"valueMac":{"type":"Buffer","data":"AsC5af8pRvFyqGvLoNsCLH84BzxyI1mFQgbGb4JcQMs="}},"cLYF+5z303j7VtP/e7uOTKkfg32+99gf1Wl1PEYvRJs=":{"valueMac":{"type":"Buffer","data":"3uCLKibRTnHntvxlEQHSytiO2a96SIwYG+FQW2fqBh0="}},"cezQr/kn+jQXtgFFXrjajzZ3RyWhYkgfcjPORCpmUlI=":{"valueMac":{"type":"Buffer","data":"ceJf0UJSe+4QFMukg7JLbDC/ejPYhCAcxnD/3CH7yME="}},"co+ZWtQTTQVhRN36cCUfAu4nJucQ09qDC/j27JM7sDo=":{"valueMac":{"type":"Buffer","data":"QQYm47bQ3rOZMH7f5fJQYVoGhCQHOhXaOd4hcTIhgIo="}},"crzW3BloNV1X6ml6Tv96NUlnlilqlFiPxhbsCk5w+2w=":{"valueMac":{"type":"Buffer","data":"JpxDpVEJS9GHmrkRi7JwSsKLsnM+ucMjNjQuNhWTwLo="}},"cr7VsQCUm6ZNCTsaMqbVDP6989f/NgJ5dlWK3O6bXqc=":{"valueMac":{"type":"Buffer","data":"J1eqk2fl9qXvBwOiVY/AFKvGSbUvMdUiRildUNbJ6sk="}},"cscXxgRJsoMtnkE0938hiEyJzYQTay6jSv3qwYJOcUo=":{"valueMac":{"type":"Buffer","data":"5GY9UlsHiekuj8fzRL0rnhvlaAUoc25ZJrPjy4TiYSE="}},"cuMSZkaYPVY/ygSIG8bDOiLLAlYrgkI3dyUUo/IZkAY=":{"valueMac":{"type":"Buffer","data":"uIkaoOMV/oHhjA2G3dckyvDdbUdBKfyFmtidhKwZQX4="}},"cvWRbzG3caDUrkLvB8c0rc0Ec2nKG8YgakQs5482i9k=":{"valueMac":{"type":"Buffer","data":"i71FwgWMDf/lmb5eDeYPh7qBGFj2qqKWlZxyHo7UmDM="}},"cwE4lzFJf2wLXOJTwZnpebMVgw8i/+t3Npvqn/DwNps=":{"valueMac":{"type":"Buffer","data":"9dOZ3DzpvHDkxW8ChDw7wIQIAXYbilpOtLH7kpi7ioI="}},"cx9I96AVD8XLwWFZt3ZIadmyVz262G4tUOwKQ0r6Z3g=":{"valueMac":{"type":"Buffer","data":"zw9oLc3wqmeijdcd0J8hFGhih9FvAUuBDN/jZwsjlls="}},"c8JJvEy5XWtpUFaBYz4jtx/9bg36Oi640oLAVl6OHLw=":{"valueMac":{"type":"Buffer","data":"warVmCdvll/vHZIzkUvU72Pq/e4eMb6pEP/NVUIp4eQ="}},"dBViprX0YyIP9mm4yBwJ+Bjf22pyeYBRg0E5CVNhygk=":{"valueMac":{"type":"Buffer","data":"ZAkIH9LJjfkc3YiS8IdBc4HHQhmfttN0/IljFIHujyU="}},"dEirPwN8Y2OTswaTSB2Tg8M0u6sruTBLLsJeHpEZiq4=":{"valueMac":{"type":"Buffer","data":"PbRchUApdnu9pA+PsJUmlUrB4+2HdFN6wKWBugFJBcA="}},"dFBn0vvSefPM/REi8ZFesrRT8aBj179zFL/iwoVq5TQ=":{"valueMac":{"type":"Buffer","data":"l1DLZVhsHhWLRNwIFqe3m5ZETvrRTaNpGJkpfzxKg2k="}},"dJggxpq5x7UYEctp3kezImih+96rnMyJl1Rr1rktepM=":{"valueMac":{"type":"Buffer","data":"qN1bzGDTFovpCu7cVBmZqZFDgDFSw3/gKPbSnLT0xuM="}},"dPg2QZt5HNiSIuKAN9Bsu3HTQ7dYwZPQytgrdq0srV0=":{"valueMac":{"type":"Buffer","data":"202aSBYRa6DeQyRvVTLO6ItnQG4IlRWRVCjOKJEqgkg="}},"dZ5Vm4gwTXa+w0/gyzR56FoFl6WIWDp5MH3ILP+qAfA=":{"valueMac":{"type":"Buffer","data":"RKTskK2eSjJkVGI1jDBdB8VypwROyXLsmpBd/Te0tiU="}},"dmRvI8RMZyoNDkSO7Z2NyN5crKwqKuG8YeXxq3YAqQw=":{"valueMac":{"type":"Buffer","data":"9cUNtZpoMlAoJHsmzPGCHilSk5fJ2uVIqOAHTZlOfYQ="}},"ds5yuImZcl6CQRv4Szl1VCZ9H1+rGtFjFnubtnf4wTU=":{"valueMac":{"type":"Buffer","data":"s90kDL2YasKQkqeGXCKRZIUr9v8gRMCvYRKyCDRHi6A="}},"eJxfa0XRT89rZ7H0mRRq05wQ1mIFy/Yg+ee5/1vVyLg=":{"valueMac":{"type":"Buffer","data":"h3BjBuOijeDwm89X0DBj0m0Y8qRJy3CFRXztGglz+NY="}},"eN+pFOYo1QEUrL41l798vFrxin7WwViPQfFlmJkZVHM=":{"valueMac":{"type":"Buffer","data":"/EVkP24Vv2dNE2QjrMiZNC0pBo/Q+02Ro6K+UQ/LzPE="}},"ebVrYtGGPt+9ErXaYmXpjxy30oQwY73vNHrQ3xbOWXw=":{"valueMac":{"type":"Buffer","data":"AXPT2q4KmAMGNyFChZDfcLpcjtxrQreEN/eQORAxaYc="}},"epXEVcUmVktbB6vag0vl5AVsjUKYycUZkMWx6PeO/0Y=":{"valueMac":{"type":"Buffer","data":"rhQ0tB/lTH4+pXJTKGzoihMPJlPffuvp3jglrCBGNk8="}},"eqENuddj0oAZ6wmhP27XR6eSOnfDuqXCR3DJU1LMmjY=":{"valueMac":{"type":"Buffer","data":"++dBB2RL8xSigED/QJ5KLQpzvAiXKTKR21ke28hDfkA="}},"ewNaAcZ4uW55D6hA4T2ikOADwec0eKXU6gyVgjoBSPI=":{"valueMac":{"type":"Buffer","data":"v53IfQlvLGKvFf56PPfAUvLu0BqbHPqEYRG5Iym9PW0="}},"e751E+oNRF28WXL6y9HT85PrZ6PjOp8Er4YxecdIGXo=":{"valueMac":{"type":"Buffer","data":"nR7kuZBdH6DOZMHeWZnRVM1YnV5N0K48b3x8a+E8BFM="}},"fAoNtpoXSHDhMFNJUO++e3Ez/7KfH+/cczf3W3ja6HU=":{"valueMac":{"type":"Buffer","data":"cEu7wTTzD4ZzhCo+ZiClX/wo94uMYXLZR6z/Ox5GNyA="}},"fFNrZvgjkeE9GMQQOlNPNa1AG+m5wbWZJaIyZI6rYVQ=":{"valueMac":{"type":"Buffer","data":"vmFBYeM8k2aZkxEFh6rwhGaXwv8fgEV0ek7m/dPhI+k="}},"fa6R5RCEMZ8Ly1/hcoESPqd7XyJcbvDeSEZ1Ak8YkUk=":{"valueMac":{"type":"Buffer","data":"U3AK3CUrLs7crveJrGpA2KGzpmf59DYHsGu9bSiwtag="}},"fbaFEBK/HNepewo/13tS9wmi1wmDDOGOiuocYP1QCJI=":{"valueMac":{"type":"Buffer","data":"OeQkqkSwQJHHqGGbgAtbHs0naD9o/NoszGg8AcBpBPQ="}},"fbbUUL0n6bkEbocxyOao5+xJp3JJ4i9aZ67F6WG/Kk8=":{"valueMac":{"type":"Buffer","data":"3YRs4fl/s+0mSehvSsB5kb2jPC3NWf04Mwg+af3ZxsI="}},"ffAqOzKLGsSZHh4gc+rGxBsemDQCwuywUJ3nlTBrVXg=":{"valueMac":{"type":"Buffer","data":"FV0gUrC8m88V3yIof6L/C2kZjNz/MTC5qMFbQCFiI74="}},"f2ooh6OK+mzsWabOnOYoh3Ub7qOxzKUBQxX8/AeNliM=":{"valueMac":{"type":"Buffer","data":"KmtW8wNPTyNdB1mkCjfFjSJz5YFDoWXnMxQhyn4Tq2U="}},"gAE9oLMHZWTH3/n2+IcsaLbHPoUrqbTEducU5rKJOaA=":{"valueMac":{"type":"Buffer","data":"Fxwk0uph4j44qiVjrkc/1jJAjTTmcvC3NBxYrYntQHw="}},"gJwn0Ky5uE4GDSkWlJ8JgIviEdwYVHQMSqExVMMDW0E=":{"valueMac":{"type":"Buffer","data":"rUXAlnXXd1HI5dyJa8nrxB1SvGOfNY5J81XBBEbRZLA="}},"gLK4y1TxJHMbmFpEF5mywrIHtZhy4K+fnYmbt8gujNI=":{"valueMac":{"type":"Buffer","data":"jE+/6HUXzRJ8dUGfcG7RCz2PcVWlcWkGDh5mAjzh5Eg="}},"gOkdk9tXwg8PxRZF8RzRF6slAxX6nds3+c91WNNyobY=":{"valueMac":{"type":"Buffer","data":"tWRV9ghDSwYMgxVnpYBegpb0Tz10MlSU51wgO7xI2TY="}},"gR2akn6JzLipxn2a/uSPSNu3AEeC2INZc4jrUHJSp2c=":{"valueMac":{"type":"Buffer","data":"PKFBHU0ns+ZF5ZOpDAMsVs3F1n+RgWxLDd7XF0jVOmA="}},"gehUB3OFFpjgqMysp3txrXgKYnQrIQhyQNGfQM25fSg=":{"valueMac":{"type":"Buffer","data":"PN3tSAEuf9VkbC+JzGUoDj17cXZ8NL/Rw8b2Aw5LD4g="}},"gpee8VEtjCWg/DhLczAdQ9kEVL5BIGmkK7qZBORb6bc=":{"valueMac":{"type":"Buffer","data":"xnY45mhmu6FCxB3Z6DnHR2f/fpU0s4XNGxL7y7ajhnY="}},"gweJPLsyyrqwcMsiIQUgQmmSdhK2IZiJ74ypQN56oiI=":{"valueMac":{"type":"Buffer","data":"/aKnldj+WoOUrBuv+1qf6XaOJ14kliFjxzVMoaRCbQI="}},"g4Qf2TTNEP6G1+A3tbdRFa5CapLyEbpAQM0RyxuXXmA=":{"valueMac":{"type":"Buffer","data":"x9v9+6BmZZaU5Izaa6r4wM3J2uIFMfY78nm/34JsNzs="}},"g5SF50oJk9XvK3ZP5ypi5PwVLPcb5s37y6amdmBwUhs=":{"valueMac":{"type":"Buffer","data":"LdjviVjjKxK64KVOYCoNSyrRtAt38lCDzZEeu+fOK6k="}},"hGhd90phc34OZpVZcwQcLMkFStKma7flR08yn7qu+cE=":{"valueMac":{"type":"Buffer","data":"g89fm6o2NiPFivKsJJDQ/cU9U0iB5r8hM5/9y2a4+F8="}},"hHk4cKBXX7Xncfomqo50mGaoJmVckg3LBKXUZnsEHME=":{"valueMac":{"type":"Buffer","data":"pye4h5XC5cYNas0f/pbB6AZfTo95O/PJd1Sr/V5msQw="}},"hH/jq4NSS6kHtIv48OUPJM8K4MN5HE+9bUYhB8mlQCc=":{"valueMac":{"type":"Buffer","data":"dDCS2FvtD/LoJSj+L6WgI/ico/LF6fVU2LDrin0Xla8="}},"hK+GUcRc1jPiAFt+KGyAYgLKalVIBhoH4lcypgjG4+U=":{"valueMac":{"type":"Buffer","data":"ya/5CRHIKt7mUU2ho7EJyFUUjOCVXU27J7jmQl+LNT0="}},"hNUBGJVNASwFUmVUuYqRR6awqxB8k/vZdH4FE8DzC3o=":{"valueMac":{"type":"Buffer","data":"0ZbpdXyP2ZjR4MI91u70gM4+oyF0VcYoiM08kRI109M="}},"hRasoyD7+EZYh4VrR3uBvmWh3W8p/E0jNOOQp7OQlPA=":{"valueMac":{"type":"Buffer","data":"DStbpvSR/+4jq7qz/B1Cdvwr2daWMmfdQ+jgC0ErXrw="}},"hcCT9nooVHX45fDlQTX5I5PGJv16A5LgX4lZlzFPgTY=":{"valueMac":{"type":"Buffer","data":"5rG3/44gWTJI8Sk/sP3QneC2f+WfsNWt1kOrsYopoVg="}},"iEDROu4KWHfkQc7SIpjc8l+GO9QOnZwfqg9Z7GvikYY=":{"valueMac":{"type":"Buffer","data":"0sHJbw+SVrTq4ECLFnmd0I3qKmL7qODJkEBUKN9E9AA="}},"iFlSnP8KJPhNwlDYweqSR2Q8i7XFwAfT0GBjRAgdpgQ=":{"valueMac":{"type":"Buffer","data":"14vATsj1j8sYRl/q8fCAeb2oPazmekb1m79K1XEYlRQ="}},"iJUlVVfrbm2R6dl5M/tRBki7O88eVu2hUkeAfYOgbE0=":{"valueMac":{"type":"Buffer","data":"EtwNnOa4D700srEKaj9H4OsgmJFpyiQI/Fh+BCUNr9o="}},"iKAKD0eTDbV7hQI92BZ91wuHJthjR2QqYEGanTS1uZY=":{"valueMac":{"type":"Buffer","data":"CxCH5InsZj7i91yWHx8MSmgTgHxupPZyz5xbkgXnHa0="}},"iUmNy0QL29oImPLzejdhw0twwMYV0uhtX1Q9t2AW4F0=":{"valueMac":{"type":"Buffer","data":"SUde7RBcpl28ieN0tKvijTRfqPJA9HHSWbAX10v7TAs="}},"icRfaLgwXj1jmVA09CDyWkixyYOacV9cMY3n6N3RGIU=":{"valueMac":{"type":"Buffer","data":"eGteQqAl5DbSSRXplzIENj+na8uulmSxyX+DGDwotSs="}},"idF99Zwc+IJ30LwIvJMor4A4Qw12KNqlmJQW4Xo4H5g=":{"valueMac":{"type":"Buffer","data":"vUORaYvih7TQLVz6BLrs4i+4JQbqr3SwWhy99PUEhJc="}},"ilCOSkGinwvbBKBOtX76ETlS4c8AQNoHymUgmu1uXiw=":{"valueMac":{"type":"Buffer","data":"MjL8CEqrlf/2FYqSlDZPFS72IGdaNxBfjIOUBobksvI="}},"iuGwX0YYssxKmD881A1zViQOH4zBNahsgVKwilac6ek=":{"valueMac":{"type":"Buffer","data":"0zNE/WHn6XtOdlwx6+7UkhNEQWUsmts0tzHpQ0k06qU="}},"i1iBuk4Uj0ZxBjDGgfqEwBtYsCLAuKTjIKmV48URH4Q=":{"valueMac":{"type":"Buffer","data":"HHpIhecQQeVLNCu+kF+fW9PAjMN/qdX4dhM3MENrUbg="}},"i3vuoELTaumvZKy0SFTfgp6kfJEPYX15G1Q9fmUpNIE=":{"valueMac":{"type":"Buffer","data":"mhmue0Kf6Vn1WSQ/aNMTbMu/jDdZMrqb/nzaGSdYcHg="}},"i5EN+9gkOTJpXwHKGmaeGGj63cfGWF4QgfD68LYZjj0=":{"valueMac":{"type":"Buffer","data":"yWO7tEjmCkoBR3rVF96eiczsvtJ6HyRYzdsPQh+jgFQ="}},"i/q2Zp1f9gU303b7sDeKHQ+lB3TfIQMgHWHafvwZ9fY=":{"valueMac":{"type":"Buffer","data":"Qtmwz3/WexO3AKhp7UFoKxHzT2xzYMyUNEIBg98wxa0="}},"jbzfiSvbTI28DIweClrw4Qk+TqrLa3AI3n7ra4PPRJg=":{"valueMac":{"type":"Buffer","data":"JPpRINh4DvIPZkYyCHBVsjwXdm//nUz1kgrVUOXIab0="}},"jcXuHhbIInGbZZ2Trk02cF/5esVHKaD1+Z+S51xNIxk=":{"valueMac":{"type":"Buffer","data":"kbS9eZ7bq5pv21tSQxrSl82RuLnPsEO91qJyVwC9y44="}},"jgNEOoLnDa+LHLvkwdK4RBdBP2tVfBzADouFmJbEqyg=":{"valueMac":{"type":"Buffer","data":"Z6STKDYFHDts/lt8CfocIO6KKZZnO1e/LE3s3tp3BuE="}},"jlOMWYFG/W+p7gI4n9fRuG0T36lXu7lwMPaCiPcnISY=":{"valueMac":{"type":"Buffer","data":"ALzBocGo1vorCPt529aNnYb2KjsQjsPrcZTTlugPiPY="}},"jsr/TCVfV1rvEpBm1S9/FszCEwFYAJ/pBCSLinQigNs=":{"valueMac":{"type":"Buffer","data":"sP+9nMbRRBcjPAkf3w10FNNaavnE5DkCM/turDg3Qmg="}},"jstN6luCDLGF/xKzKTXkfaTUOfCUy8CBmHPa3wnYE0k=":{"valueMac":{"type":"Buffer","data":"tch5mc3a2tuaub6XYlg74LvIlZx5ckFldZGKxhIC3FI="}},"jtKM7SqDxcIYDN0dwzIvQxuO8fjro7nYmJrlE5UgkCI=":{"valueMac":{"type":"Buffer","data":"xvmW8iGa29NrUA0Tn4PUP4331LjKQKWTovL5U5RKhSs="}},"jwtY+ylQFNV5TzvDmxfV/UprrkUNR5dSCmPRI+NLbjc=":{"valueMac":{"type":"Buffer","data":"HZJJmx3dzb+HBqeeeWRsKkVxSPt/zmD++mC8iQmEVQI="}},"jx0Kx4MoDdE0qb49NxGQxpn4ZtzDv6VLpzly30qcEmM=":{"valueMac":{"type":"Buffer","data":"ZUSGF+JSnScoFbjYOtp807HwUXI4Iu0i2gY4sLBBOHc="}},"kD7Xi7HNHNP9XxlF6U3/vCkGhESGxTRT1NYtbFCGQbk=":{"valueMac":{"type":"Buffer","data":"wIV9asqNizDIDjA+237gTXmSCpEIOJgdcdFWMulmboA="}},"kHKWgKtgtkaQAJ2A6kg8G+EwAW43PWBNpdNBtKc8Cl4=":{"valueMac":{"type":"Buffer","data":"DYBNG7vmiSJBQQC2uAEVczVPX3pIDTe1IbFBbBXgrrs="}},"kY7o+H+MyFJ2d7XOcHtyo8c3hJT570YqAqkDksccFgE=":{"valueMac":{"type":"Buffer","data":"3vJikQPlGAQWm9ivZAFbCxbAamGZ+zfP2goVMuu570o="}},"kji0G7w5ps8y3vDxYbDCzeM4czFY/SN343u/mKSkdwM=":{"valueMac":{"type":"Buffer","data":"7Jx3eMjelMcW/tmzVQWjfjV/kL5Uf+mgjw1RZLHdxtc="}},"knlWhz5Vre7Blvk1eY3ufvFTJ6Gm6GGOMG9q3/D4JyQ=":{"valueMac":{"type":"Buffer","data":"XnrXtaIDTVvuUF5cXn1st2LmKuV5hkMZ5AyKHhnVbcc="}},"k3DGrx0aOqQCKZSMv62+HsrGkRJ1Hg5hpNczbMsAAFk=":{"valueMac":{"type":"Buffer","data":"rgusTKsKzFHehEs5gCt6lR16BlAyT/pM7msarNxYMpE="}},"k38zOgIySIH6AOx4eLs/50kYTcRUJInd2zc3L0F9jz0=":{"valueMac":{"type":"Buffer","data":"dpchGwdZyx+pPrWnea4cVW7TjbSyJjcMpYRXpBJtg9s="}},"k7yA0Gp6nkQolEIWKmWAr0P9uSaoeETRgWSnH+qEBbk=":{"valueMac":{"type":"Buffer","data":"KB/iZiYGbCCM/DMPZ0MFoKqRtCQbfcRTCC0KjiSkd/8="}},"lD7kqX6UESCDEbIjEHLILjHkw7bzwz5Xuv/w/zr8WaQ=":{"valueMac":{"type":"Buffer","data":"vnXkmsemmV7KijiFDEDp+IKWaVwuaVcbdsTYYSWdXZc="}},"lIwefuVx16btVcbPmyJgV6ReA3xkKZoecqySCYTBxSA=":{"valueMac":{"type":"Buffer","data":"LDvsqk+cxFJTnX5ydOUrzamU5Q5vYLcDBR8X1ViZ6uM="}},"lKT6O7KmSWvxyW/wrOKMDcp2lfytGdZ37sTHgE9ycBM=":{"valueMac":{"type":"Buffer","data":"vLxSIigUzz1lYG+kQUtu1W+FpzHMr5VlI0IIRwFfk7c="}},"lSsV7mS5IxoF8CPv2ZCkanwk/ukE+QZM/k8pgcQmbmU=":{"valueMac":{"type":"Buffer","data":"rXy6Kfew+U6aYxjjeP1YBIqSMeabahc79FqDkE+1jx8="}},"lWHaDO39Y//6R8+zs+kTGwIWUTg3OTwlZpGvnKR1k2I=":{"valueMac":{"type":"Buffer","data":"7jAlFhQGEokLX1cnA7DzDK27/0qpC6uxwy56VjM9Vyk="}},"la57XYPzSNnSRy/gAjiUv4bkkkswLjsP6gzTvEHDgIQ=":{"valueMac":{"type":"Buffer","data":"vUeusWSDUSzic3SfaZ17fBTgXJIok1L5o4rVHm+pO6M="}},"ljQx/m2kNfXrjHcdts+5KnJU7JwSecjttIV/6tHtzKw=":{"valueMac":{"type":"Buffer","data":"LGndtiNSdk0Ozt3OC3rPKCiH+TB6ZbefCjwXPFBx5g4="}},"l3KkbgL3lzVY4Q5ISDAy3hyhFYcnYrhWJevg4WJ0BfE=":{"valueMac":{"type":"Buffer","data":"+XGNExL/Q1Vjs9rf7H3EHqJ9w1agE2tJvYJp46QcUlY="}},"l53/u+7ai3DivvwU+QYrXzBA/m20zUasrzu304/CF/I=":{"valueMac":{"type":"Buffer","data":"ABy15HZOeVgQSTpkcOvADDSUdJtAbi/pZHZ45i4akmM="}},"l7bXIEy+n+7wYIXo8pKGrXSGsVpWxTz5Yf5COajhZ3M=":{"valueMac":{"type":"Buffer","data":"5CaGVccENHvqjORYD6hNfSXoaKOQw+tYqn8phl80d3g="}},"mAgKGf/CmR3ZLdjbrwe/obb8AqIM1VU9/taUxH2FYwU=":{"valueMac":{"type":"Buffer","data":"GRIA8KCptWO/0H3MNnWNMqlGIIH65U0GL+P1pUqz5R8="}},"mGrMYRSlbqVIcHEqshu0ln5NCJk/jozzoJjvNfARqQI=":{"valueMac":{"type":"Buffer","data":"PPF6hf8M+zBxwMa9UWEdxV700BEdHWvbmxZg3Qeqj+A="}},"mJMqxDL9nrH3wLerHKTJOz1FddPJqRNuQSJAJi9YmQk=":{"valueMac":{"type":"Buffer","data":"ONyiEpEEKvZkfoM6QWMZJIUHFRJQv1kxPGiSSyjkyhg="}},"mKF5ghxSvR+Lh2Rx1nDMQvaRu8AzUHxpmBXDRiGEzuI=":{"valueMac":{"type":"Buffer","data":"hxAtP00jTHtBBe5F4vau3j10dUbAby9uGzWZ6kdDLgg="}},"mOrin9LN5EU2HZL8DrQ2lVzegEfE2ZBNVtRdi7DMmqE=":{"valueMac":{"type":"Buffer","data":"LEfJBqo/hvxwNT8+e+E9ZmZ2FDkVvuxGQDi1E0WYPME="}},"mROJlor0ZAoqdm5PskNuZwUhMmwWcjeoUoUKnRIdM3E=":{"valueMac":{"type":"Buffer","data":"PHZcMqOXom8sUTBJjVZ/fVnw2FAkV0wMK8RljT1MsoA="}},"mhyxpy4q/uEYLNiA3pXqEnjdaH1rl1xW+wyCZ3xyEaA=":{"valueMac":{"type":"Buffer","data":"nt3Pwqfn1b2I9MxhcJzJHMvA80eVUfDcC69nBh0XtOQ="}},"mj8lrXsvw9mm8YmD/GIIHjZ7ebf3nJw3BvNXTNCTG1A=":{"valueMac":{"type":"Buffer","data":"tsH1QUi/RtGgW8qu+bq2bvanxx2NuiuuyMQ+B/P6tnE="}},"mnz+PFg9t0mBuB0upfopDK58sHYmvtB2K5wzZT/U1I0=":{"valueMac":{"type":"Buffer","data":"qq8D8aYX5AJnK9ZDnVAMY4Im56bVhx1btChmASrahb4="}},"m+JzZ0MA1m0/kbnyxtpGuwX+iJ1lkZNcXN1OdDEsrfM=":{"valueMac":{"type":"Buffer","data":"9xSlSmfFfgD6LN2CphIhG9RGAAjbbQMsza3KAiASCSM="}},"nEZMyYHMHf3h1VOo9aP9T9p1mI99ZjPqOUqMxSlzVcI=":{"valueMac":{"type":"Buffer","data":"nkocbHUWa0VW0cIzZuE81g557qUJi10GdOujJgsOf0Q="}},"nP3QD0A/8SWNp4xElZNYAdurRDjx1C71Z7uwh2f5fGc=":{"valueMac":{"type":"Buffer","data":"9ownx8w043g03rx9TU1G3bGtvpYWbvVmvWuZnQL+LXw="}},"nSl3e+jIS08Zff3tlKd4Td0hsikmJRTM/J7Gi6Jpk6Y=":{"valueMac":{"type":"Buffer","data":"ARoG5jm9YmvwDsc7dE2i8r02SCaSAo2dBdTdHYghuQk="}},"nxhS9GSv6O0lZo6/6Q7xCbHJzEVapYm2ILZGMRAUcMU=":{"valueMac":{"type":"Buffer","data":"WOQvVfvTIMp0inDUZ2AtqrabWO4wq4E7EcXistYliRk="}},"nyQimlgus+xlrQK97pE93sjXgV18W9FtjD7QDmmPeYY=":{"valueMac":{"type":"Buffer","data":"i/jhedmi4RGIhZCQRntI21gtv1qOD5zIcD0jHoKi1Do="}},"n3IT2iGXSv+HeP8/KX7j9hMqM0YyXaKITSrRA7DYodk=":{"valueMac":{"type":"Buffer","data":"Sip1cxTI5dTorsNC8iMd9Ef7XMtqZamqHyZMuf10qLc="}},"n5nIFdypaQizFGIHQYARpxp8moBfKeL063sqyx41+LU=":{"valueMac":{"type":"Buffer","data":"gXmf2OoBH6pyJMVKhCFRURrP8MzjplJXBrG6RRnRpvE="}},"n8G19OAgPv59EqWSID9ZQk90SEPw0ulzykb7iUpQrms=":{"valueMac":{"type":"Buffer","data":"eIHSCQchshI4i9JBqB+BDrA3RgirPFdjnDlVmuXuQsY="}},"oLF1//Q7DG2x4BkMVI559hItMPBl3rRu+mrzKv80mBw=":{"valueMac":{"type":"Buffer","data":"CAcSyI6YD5Qu+FgUFSIlR5dR1pp56wGVuZjNW/SE9r4="}},"oLInQ87SkBm1mQNWEO2wXtYCQ67ZpKb5gfIRqqU4/N8=":{"valueMac":{"type":"Buffer","data":"oATB5TYLrsUQ3eawY8Oo5XmMJZ3KxFsmLi2U21816qs="}},"oWS1rCHdj7LrEgSGie+4ubKPH2ovZ6myzMOZvXZUqc4=":{"valueMac":{"type":"Buffer","data":"8SIJ7be4/I36bP/iuK/fC8Ni8ZA8YDdyMoudXCv6rAQ="}},"oa/G1slVdjbKdAthC6g0XD9J1izNLjhqKhq4wUrb1W4=":{"valueMac":{"type":"Buffer","data":"BWeIgLSYhbw3IXyAhBDJoYDNGuluBFpqxA7kD1CgdyI="}},"oceaDAh9pp6GtJUzcEkFaSYewbODkWpA1yYsBv5hsFg=":{"valueMac":{"type":"Buffer","data":"F0WUp/fVmfEMuRzmc+a6jnOAcsRXpp87xaxA0zsHO3c="}},"oed30J2LizaaIx2u3mDZGZTrNfh7kJX7Lw4WVkZZINk=":{"valueMac":{"type":"Buffer","data":"jI79bb11ATXsuGngCIUemaz5PSP4v8qWcT6u8cA3dH0="}},"oekiPxQrkCB418XrA7CruXwhYK1VbXhNyhWSpW/+fV0=":{"valueMac":{"type":"Buffer","data":"ck8H9qiL2kOoQUwDC0RP0Dhe0z/jBIRdIp42JRq0dlU="}},"oi0aWGEv3j/+4cyWncQg9fDWBunKAG3Qia3ElrQlWoo=":{"valueMac":{"type":"Buffer","data":"4nqIMsyNi6fcpZN9w8QuqDrY5q5ZM13qRk8BTx4v+TM="}},"otdv6eetody3/l6JimkZbCBqJUBGZGi0jv8bWlH/nIM=":{"valueMac":{"type":"Buffer","data":"3zK8yD9A3Ow6V60sbo4cIKAJgTVB5Z3foE9SAvFsFCs="}},"pBEYbTC2rYfj+Z5ZxcY85CByzWTIntSzidbHPj2ApEc=":{"valueMac":{"type":"Buffer","data":"ycDqStY1haHnUYK7ze6+s6ecuM8sfiEuWS5JIU+SgXw="}},"pZCZ7Y8VENmxiub5ewG51/8Pk2pf2joyEjY2a/delsU=":{"valueMac":{"type":"Buffer","data":"G3ExLRURBEVC16Xl+VzkdxOtfqFdU9l82avpDuBn5eY="}},"pis/kfCiFUTy+d30iBTTlWYKt4L8JbshU/Ahf1+ny1c=":{"valueMac":{"type":"Buffer","data":"i0tnQj9yBuf/d2UiwUiJGk7nkm1O5hUcCF1Njitjzus="}},"pllvC1eOIUj3/EbamgUW1lqntzBPXzpaivjQZ3VvTvk=":{"valueMac":{"type":"Buffer","data":"QggFGO50a03mGsjcxLEx+d/xb30CCRu7TDgfg5oBgRw="}},"poqhWRSMmchK7GzoSLEbds4VvCC3xyHeUvCBo6WFwTk=":{"valueMac":{"type":"Buffer","data":"2E1cAOyl2k1kLnRLwst3fls429H+57zzQcbR8pOlA1s="}},"psJSAZVfKq4zMwdw2Fa3iCKZWcBy4i07hcqRtPp6e+4=":{"valueMac":{"type":"Buffer","data":"HMZk+k6LtLFPVoh/xnTN4bK8wawpcHWlVtR9/6Gd0DI="}},"p7wlmTXlbT4nu4d0AVZdUXiPV89doa+Y7r2qBV+8xqM=":{"valueMac":{"type":"Buffer","data":"wfJ6O1GIy92lJ+6MyOk7Y76rq1imbfO9c+S+Dq1TdZ0="}},"p+uqgjqXE9LkczhWurenxMTHb4d37OiG2g3fshMBNaA=":{"valueMac":{"type":"Buffer","data":"5tDXa1GmW/rdtoLTew010DvUgHjECcKJvbdWGN1Smyc="}},"qG+114sDJUvgnRMRa6IhuUQAC3tk/cStLiqqTpD4ikA=":{"valueMac":{"type":"Buffer","data":"0mTeX1PQdgE8SkFCcBNDgYwmm80ULZGrEzgplgQjR2o="}},"qHU4nJ7wlZYuIvqxu4gANBTDlOYkBPyroQV7uKhNw80=":{"valueMac":{"type":"Buffer","data":"X3E6weQzBRQ/QIbNNSn0ETRHySfcohewRwrPJoSxWlQ="}},"qKAZAtaeOMRUGXQdTRGKeFqU8Rok2gilXOvZ0EMFQP0=":{"valueMac":{"type":"Buffer","data":"egKVXtRuFhDIQS2S4PGv7goVALrTBmVWzWVpphJy/YE="}},"qLiJALhfngKjXLjMeygUThz4qk8wqX4ILVhgEGypXUw=":{"valueMac":{"type":"Buffer","data":"m/Iq7iZNzKFyuZDeLsh4v5iBDV1M+W48Ahwr6WGv7e4="}},"qVDkX8brcVqwm3CngV18f+Bou5uGPmbcWwGa65WTQBU=":{"valueMac":{"type":"Buffer","data":"E0Ln7RvDoOGcsGtXTBUjKUAJqjSZlEqF2KymVD94Huc="}},"qZHs2e2yqCtrVaGFz+tK7ct8tZeGDlgnWniBSscW0ik=":{"valueMac":{"type":"Buffer","data":"lDXuxq/K5IvGkyVIQzKlddXLFfB2YxP3Wxxjepy4v7A="}},"qaK427O18UCQXqRkfiCX1xA3Eb5UdoztUE/GUWPNjRc=":{"valueMac":{"type":"Buffer","data":"S0wwMfQmDg9sjiQ0ocpVGzVxVWT5PCbIeTPTg0+53F8="}},"qat2HKuRh0zi0v+r6wH0r52FyMh6lAcD2ir9qufXQgI=":{"valueMac":{"type":"Buffer","data":"YgkAeMkyckACyiLV80CMkTCdGuz1dtxa69HcFJseKJw="}},"qekJca+QjF8Gtyzi9K3sjExemChyiatX6nqLhfmd09A=":{"valueMac":{"type":"Buffer","data":"61+W9Oad7cy/Fm/5vfOKchb1mdSIU5HOZRNyfviXNCY="}},"qfUiIBmKTzPSfV43XK+upOlYKift4btU+v6UCk/UIV4=":{"valueMac":{"type":"Buffer","data":"uHDY9xHkV3Bjq2oyq97zwwbM31lr8fYvaJhNvnYGpUM="}},"qhrf9spHTICWwTGUQ5cyVkHuZpkfWVBka6mNlFcF3zs=":{"valueMac":{"type":"Buffer","data":"iNClhE/2RqNepuxCjy8oVx00+CUuGWFJlObqAKiKevY="}},"qlx2q2SVVjcZutaEiYsBW4naygVtrzI66W6QH3c+gHo=":{"valueMac":{"type":"Buffer","data":"rGuvJmBVrseSmMfhpCB5t8njf87RarmOB2goInTuseE="}},"qvTKf+GzQV4TovwlU3fPVRYxUInDr8SrrXv9Xq12nIo=":{"valueMac":{"type":"Buffer","data":"SEIQtK5bqzyyv4D6xk75iqJRtjaJQ9tyrrRZZBiXN5c="}},"qxo8feTPPp+3hq0MRZWOxwbrQrG566URnpCSfGOj8mE=":{"valueMac":{"type":"Buffer","data":"iSB8r/9yc7d2rs7x54bvFarvqpqGhbiNI0uXXgv3jg8="}},"qywcvCxZeylEZmK9aK6iF8k/m2bt8YBmcjZu0p0PCQY=":{"valueMac":{"type":"Buffer","data":"BjHex6vQb7As3UvlpmHPPivN3/49I1ALFL77VorGKsg="}},"rExhzn0WF0KAtorSkNjhlwMPzE+/b/5Ug/Vxs47vx9I=":{"valueMac":{"type":"Buffer","data":"rvKlEml0iq0v9YjqkyYLD1qTYZWNkMaB3Z7ma9HT7tk="}},"rM2gMUJ0s4wx4jjeVv1843J+FgxNdmgY1+3B/YWByfk=":{"valueMac":{"type":"Buffer","data":"gz9r8CG/No9pWgAiWA5rU80hD98BwIsVQHPcGsZheg0="}},"rew3mXlkbGZ2P0Thyryeo1dSW6PmbrE67A7/tUv+uWk=":{"valueMac":{"type":"Buffer","data":"yb7npZNQZ8WrZ3VbehWZRyEFkteGvfLrU2G7zyvb4lM="}},"rqbPtxZEZ3dGk/hoFQN9JfgU4p58+ABWaTtE+6bR9eQ=":{"valueMac":{"type":"Buffer","data":"VfL4Zl3fYrgjEbn0oHoEH+KkpzkcrFtHc9XbLtskiaA="}},"rq05+KgyheOskqXPHjbpQLn0bQkprqyOUrZIYOARh6o=":{"valueMac":{"type":"Buffer","data":"Nq6Ft1jYplJW66RkFNrXig/Nul8b2VEXBXN4v8/z984="}},"rvMs99vH9ZoqBcGIAqtPS5JW4e6jNv9VPLUYp4oZsl4=":{"valueMac":{"type":"Buffer","data":"kFbEMJ/y5aSL2lAq13rSx+XsX6rPZWpqsSGL4q5NEzE="}},"r4b3Yp4KyoBxlNOm+bJgTp/mk51oKV+EZai+BkC3s+8=":{"valueMac":{"type":"Buffer","data":"GrWW5J6+POyJnZv+jVyDZXmBxADz/EqMOdSpnesfFJo="}},"r8jQsNui2qUTFJwz+QGxTcw0Iwgiv65nfVlHQbxjfu4=":{"valueMac":{"type":"Buffer","data":"usUp78Dq+nRcFrJkgQwkA+P75hHfzBt5WUP2np8f5M4="}},"sJWcW7uAv6LHIgfqq6CtQ15tOgEyToDPou7OrNtAQrA=":{"valueMac":{"type":"Buffer","data":"OsBd/cZ5PTotWgSddlZqBilTpBkGgrH936bkECRYNLQ="}},"sRS7wtwvwe7nweYYp9Cj25h5VbuhwYC3UXOMbLWSBag=":{"valueMac":{"type":"Buffer","data":"qitBzxgeokjuBMWWo0z0ZS07p16GMUyvU6wwy6Zocfc="}},"sjMxXtBodQc26QVY+Bim+TJ+QegoZCbZI0QzAwPcSZc=":{"valueMac":{"type":"Buffer","data":"EiEQzo7jLZqv+Hlj/AdItZEbnrThfrLW8oiISVPXnjs="}},"smbD3aVtwGiTgkUHMvD8wXOOuvgQQ/F+j3hKSIws6c8=":{"valueMac":{"type":"Buffer","data":"vmvkimnxWKd9QJUr5XUXVLuM6fX91owvLsgYWyHPxuk="}},"suZv2cvymKvaN+xodwUoUzqWWBGsNWjQKqT1hFeJBEU=":{"valueMac":{"type":"Buffer","data":"PddQ2lUS+JLZpvpK1nYoWJjY4jHfoEn4yCHjiOI+Ym4="}},"tCNyENabsyscK4KsYUg18AqilrTCw3OJRMU1zpx+iQo=":{"valueMac":{"type":"Buffer","data":"vi8cA8r1r5VWzNfm8kSVT50GOvSreACrG3RdKgyz84c="}},"tCyWTCY1sNdxl0cs2oOhSV7WCaQ02yfXfseir7x091Y=":{"valueMac":{"type":"Buffer","data":"akvh+YGlmo/aVSRq7llmfzjBorvD3+4uhz9wjg3r0UI="}},"tFKy7IS16MsM5YTPHdSHZXINgvjDqe4dpn6jcNSz68w=":{"valueMac":{"type":"Buffer","data":"mFcG/My/tiz5Kv6Zqn7IzJZSGudWpa5H15rG/fJuz64="}},"tJsQMeySQ9T0mXwBpRoFVbPWM/JY9xUxq7gTIZeotJs=":{"valueMac":{"type":"Buffer","data":"EMUdsltznv6qr3Kv7YJ0wyMY5Y664Tv4vHMhzM9s0pg="}},"tn5djVlA73rCh34yMlm537XaVEjWMCWz5POIWqlaO9o=":{"valueMac":{"type":"Buffer","data":"ud7gHfyOS8+DGdpuUEBYw2MSYAdeQ6jd8f8YS0b7Sd4="}},"towU4X0JzHRhIuuJyPC9VSBEWOtA6c5qVdgZxBy7iEg=":{"valueMac":{"type":"Buffer","data":"5ve1pJMngB4Cd1ZzFdvR7bD1P9DpqLgXC3PTs23srAo="}},"tpoq/e7Iw1qAOMYFcaduFauOKfeLinQ87RuNTDJ6j78=":{"valueMac":{"type":"Buffer","data":"2/xW0RpbPAmGx/wi6SowztWkJ1Gik5aymbxgcn539ko="}},"tuzydgS2qtKONhG3B3h4YMiJdeluD5PAC5GexGjTFsk=":{"valueMac":{"type":"Buffer","data":"EqUyz5e0ql8VF8rWW5TXV57WUEiKYa5wK3KRmA7+uEw="}},"uMPTxqkDbW/HkFZvF/HdKj0EbGyZS17ZpTq8+u2ukmk=":{"valueMac":{"type":"Buffer","data":"bwzdkWZk/dxPjccgGF5D6zNRha6K0e+I+0Vt3Q6qCV8="}},"uP0EOdbdfEI8q5MLxt6zpSYoVb1OM7pt7mT84V4zvyw=":{"valueMac":{"type":"Buffer","data":"/+b1VzUv24TJD8ZQYjRsVtm4E+j3FMVMRQnHjI4t0Ko="}},"uWGHCScbCWnh6BjmAUq1n+7TAOGszbtjm2/q0zHQQjA=":{"valueMac":{"type":"Buffer","data":"M30yA2mIGPiquJEIyjvbCMDZbsl0A4KyEowUVTCANJg="}},"uW1QDXxbHkheUWPMPQZ9+El+O+FGt4XUxgA6ofTS8xk=":{"valueMac":{"type":"Buffer","data":"GPBtS0/ArGGMrwmgSMfttJqGhFtKmQdE8aM0I+yknAs="}},"uY3HOut8YQ9r3OEXFH7Nc1bP2gefUFfhSAjdWk539ak=":{"valueMac":{"type":"Buffer","data":"GiJCHmhyv3AKVcRAjRUupSCzN7BB38VmKHdiuImRIQs="}},"uiW9EfcseWlipX/Kp1KJZyjyHvz2mV5KQCIM+PWhPpc=":{"valueMac":{"type":"Buffer","data":"Pjkngth1Yf2jL+WZ684gjd9rQIdxyh/2cLWJqq0YwrQ="}},"ul7/5kt+ywyZ8ObtU4Ss2Oikq3RrBbOrWXXk9+gsLmE=":{"valueMac":{"type":"Buffer","data":"ZxuYQTucDvgp9Yd2VCj6xQBxMg2+JotJL+kYMctUN0E="}},"uvP4N3vrIquao3t1aFVBgdeNX5y2Qj9kXn3DDYAeNek=":{"valueMac":{"type":"Buffer","data":"DfhTmczGxi3hIhZDrphPEFl5CbDTF4XYY6SoRAd2F4E="}},"uyzZAGnyUA3crSNqhOX1vWvbQSLy0WkvqphLsH/1WXA=":{"valueMac":{"type":"Buffer","data":"SFFNkvZar9IiWZ7gpAOzUwFtYNzi9NHHqk/y/plIiOU="}},"u4yKXuGnD1j11fxAY9FAvc3P9xAEWJCXw6bxy3udCxY=":{"valueMac":{"type":"Buffer","data":"plp0826xDIivMnLyAxODtFe0kiO0GE+g4W0Op2afrPA="}},"u9L02uQ2RlxBtVUl/LGl3/chaOlBTk15OrRlUbRGLkE=":{"valueMac":{"type":"Buffer","data":"rYQY26wu3c3e+2q2X7pdpqJ2sdTQXH1aywm0aOHi0Wc="}},"vISKiVERl6Zy/VogoyBjXwg2ClSrSYlmjVVB0x2WTfg=":{"valueMac":{"type":"Buffer","data":"c+LZjpfljRtkxBeGcwBwzO0cRuzdmBCA2yzo/mfUQN4="}},"vTz4g+Ov/nDg8YAyTd+9/Lt942zKTvIbNBLhm0y/2l8=":{"valueMac":{"type":"Buffer","data":"Dy6AaRpHr5oVlYd1iwxiOxq5a5t6P0Nsg8CPQlSaj+0="}},"vWiVLGnMIJcl9L7VK4EeO8dWHmhUOArOMbcAarjHM3E=":{"valueMac":{"type":"Buffer","data":"1iknBEk0Ye0ixY0W7EtCmMNTaUFz8lMQNqekSIW7a9A="}},"vXxxVZpviLz6+jRyBvrpI6UCEEGEGpBIGwkUpM1bt3M=":{"valueMac":{"type":"Buffer","data":"Z+5yZv6Qk+9kbtGNQgaGHxqGLZ8gWVMxm03awD6jsDA="}},"vgukzb8tWuQ55ycdiCJ0Ou47xrlBH2tUhi0dBgKREhA=":{"valueMac":{"type":"Buffer","data":"fMClpdgke8u2KaP6Nttq6IRCIGgYEWB7P3OHzOj4uzM="}},"vkeRqaxAq1NxFUAyMIW2X1u/jzzG3M5rK7xMOlIUDK8=":{"valueMac":{"type":"Buffer","data":"eTOe+60yBdbOzsX5Oe3IBxLhdigf53vQZE3hkabJKPs="}},"vmsB7RE/V8Q+hPQdvHfGTc/ToQfeATkIHrTqlzAkrVU=":{"valueMac":{"type":"Buffer","data":"tCNiF0WpIFaN7eNjudGBJZ1Rw1bHyxcA+Sf3XgOeo50="}},"vyVmsmtZIUX2/3rnEvlJedhk0sRLdpAl8cdL6O7M8qQ=":{"valueMac":{"type":"Buffer","data":"J3ojnR+GRWj+ZeFQH7dMunZGOUuQUGiY1sP79Pf45Oc="}},"wDGudxDwKHCsl+00cxQWaUhfYmwhoR3Y5mRDeupzqg0=":{"valueMac":{"type":"Buffer","data":"/YxOG3xgYhRvXhuzLdQotVp9rWDxkNx6MhXhTuXxgyU="}},"wDNZ35Wd1ZC5hsN/eEkv5sWT+ZQqMmn+kGnAEJMm8vI=":{"valueMac":{"type":"Buffer","data":"nFfDPgy5AFXxZickR1Um9/6//AAuzBqSchHAOPuE8Lg="}},"wGfIffnxHW6wv7Ikb0dEo/4ydbH0mS4v3nhEj3gnBOw=":{"valueMac":{"type":"Buffer","data":"9cbJL6j3gf95R3zdZxDhop65Xp5CMMrd0eBNpJxL6jY="}},"wJLoTsjVy+dDzvrSl2sb5FQnmZYZwLASMUeMQz0F9wo=":{"valueMac":{"type":"Buffer","data":"qvkh/CLdqptEBRNa1UE53I+D3Gctw6WRFdvBO7tyjyE="}},"wJT6EKaY3WJJWAyeIxrtKSLNbk8Z3wd1dzqXQqt5Tk4=":{"valueMac":{"type":"Buffer","data":"eRcr9MUBrBth4Eckz+bPKkJ0ojtnMjvP7F/xfRgZ6MU="}},"wmCelxYnB/Clnfx1Mx+G+CG4q3ECQLLkb7ZbWPVprb0=":{"valueMac":{"type":"Buffer","data":"tOWrIvpsfBjAdB7ArWDsHbWRyl9b+w+gAwV37xQhUmA="}},"wxqeOoeaJRDLUqC9me0q8qatawlRINEswVcLEt2C2HU=":{"valueMac":{"type":"Buffer","data":"05gFkh0Sv2vGG6RTSpsdt4URhwzb61uinwDmnJHx87w="}},"w1xT1n1dRin9AnXxPjlL8WXn/942lNGKyeJolc3prIk=":{"valueMac":{"type":"Buffer","data":"Bc82lS6AyNfy3owD/oQY8euQ/8jHknmaC+wwrYRqFP4="}},"xA4O/7MlLaCWvVdLC26blp9NhX376H2IwVuEMwpe06s=":{"valueMac":{"type":"Buffer","data":"RLcCpd6MoKFb4VpcpIQF7tLOQnBAKueq1uXQtCJxvx4="}},"xECv6NtP4+HxgfPNd1Os7Cyub6ylXGQcXjvLI/cYWCc=":{"valueMac":{"type":"Buffer","data":"PwUdj1kB95KP0QVcHBjZJKi1yzAXCSpr8VMA/R0YZsw="}},"xJYE5/wloqiSy7eodZYUmfivieqGYQFXrX4R/vq/OuY=":{"valueMac":{"type":"Buffer","data":"fqxs2dBnkR8kHEkqkZ0RGiOG2bC/xclIqaImsIg4AjQ="}},"xUh3AEH6dWvjOrmjt+0B/RZSw7zf6k1UA2tL9krkaH8=":{"valueMac":{"type":"Buffer","data":"PSSMRPtCBH2ah6fP0t1IimGc5VrjH5gOyOq2gPVoDKc="}},"xXcZusIC8oraVvqQ2vEB0D64YtDbxa7rmqOUoys0umE=":{"valueMac":{"type":"Buffer","data":"fdet1/421TeicVslf8U9b+q/MHO0WdAZTmun1niSG9c="}},"xjd6FBrpkYaOT/7T7WUiJe4UIpUEFFpNdhxuJQHaxBg=":{"valueMac":{"type":"Buffer","data":"gXNH6ZpoVnK+vD8G1R2Le27UDLC+ohU9CFasPQReXvY="}},"xkUeHrGEvWtKhHUSbb8d+T42bEy6eMvh/pL/GURK+AE=":{"valueMac":{"type":"Buffer","data":"ZfkwzBfXwAcaVomAxvm9KqMTpdEYBrhs+Cpl+e9Kt3s="}},"x1AZY71pPkd/nJY1FTyvb68ZkrbgkelKa4xckJO14cI=":{"valueMac":{"type":"Buffer","data":"/FsEaEPpfNELDOokraeb9UjL9CP8FmnXTRdmYtmDV1Q="}},"x7cK1EjHD7k9dWOalsgfLfLXzW/7PV8USo+Xdp0FSBY=":{"valueMac":{"type":"Buffer","data":"b3o62+KmawLMw1v12Seu1dmOr+EfnRSnjrOd11hgVGE="}},"yFj8xSRJ7Ui0C5E2aR31Ujyc84e4hxe4h/2Rioztwjo=":{"valueMac":{"type":"Buffer","data":"A2bNQfcs0wb2OQpTQSwO8GFCKi3R7x/awvLrzVV7IiQ="}},"yO9vw5a9+WmINKgO3Hct+0HQR+VYFRKPSdAXmNXsG/Q=":{"valueMac":{"type":"Buffer","data":"jXCgxV2HeOMwZvk7yXJvx/90g7ijiXF2BzU0GfDlXIw="}},"yTiZLcCSsJsqntvN71aIVDpS2YIJt6WXMs0WnGzZIUk=":{"valueMac":{"type":"Buffer","data":"buFmowROodMSFWparfPVEPLv8+SjqqHMQ/6sHqwxl0o="}},"yY47EkINLOrPKJRZwHmEtSCOmR3iIWEZKXt0ccyYj1g=":{"valueMac":{"type":"Buffer","data":"jiH1NEDw9alJBrM1Q+pulrCEd++cZ4PUiAQrVXuERJI="}},"ycwzCol1j14acX6Xcww5xdX8CK2cyJ5Dxt7I5pDXFZM=":{"valueMac":{"type":"Buffer","data":"8Q5AutrlR4vyPYB15XUl9TO+dLkntiAqrE3XBiOKCrM="}},"yiWkA7sszTLpH+X2UADOM/nQ1uCjT7nofA/zdbM6xfA=":{"valueMac":{"type":"Buffer","data":"pflzShWuDCizgmUH1KYwqqtnEoQ/UpV3XecnigrQfmU="}},"yk5s1VdrnBV4NQWt5y2pF7jVX62pZUsNiXli6EoBjS0=":{"valueMac":{"type":"Buffer","data":"3ccGpY2vov75QlyVc5dpxPe9ObVI6SUVwVd5Z/G823U="}},"yo/On4YHNHWcVEuMPOV8Tk62MUUE7LgCAXcvdWIqnBM=":{"valueMac":{"type":"Buffer","data":"x2ZwbblNK8dJ9jqeZkqrWFa8OxmIC54VTlmw9PWzCm8="}},"yxU6nPHOFKB2zCWrsPZ3jW9eE4ME+tFV3TJd51n8++c=":{"valueMac":{"type":"Buffer","data":"lLbHcBkeksudqLgvKugYGNrf7Fd7lzGIkxfzE5EDsBU="}},"yzNe1X4UFQKkPe3Jwn8XinYdYS21/0VFrHAonZjJXCI=":{"valueMac":{"type":"Buffer","data":"vU1warhdNxPlcySD3/ONVWjGWcsRDwZw8luIUATO0Fs="}},"y2Br7vxvldovRGL5i2lSQMNbLIrudvCqMxdxsjGGhSM=":{"valueMac":{"type":"Buffer","data":"1+gftBBg3nY8iJzC5z5Y3rKrKAuBPfSNJ54ljYHKq/0="}},"y/GQLiTWO0lZdNHMdHVBcuXXf7vsNLd45vHOoctaZ6U=":{"valueMac":{"type":"Buffer","data":"Q2DiYLmWGJtQeyCVwEMn3xHZfc18t43eU67g/p3vBMM="}},"zBV7X6yAvkpXta7xEvYoU/9c3eVVn+ujQFjiXe2flcQ=":{"valueMac":{"type":"Buffer","data":"+mfFPZSbF9zRVgyzP15ePagGgOh/qd4hff12Q0ZzTsc="}},"zI1iEjRv9wzTiqVS0vHfRfSEAGYnd9i6dd5bKhX7diA=":{"valueMac":{"type":"Buffer","data":"qmszqsJE4iiQVIT5i8wt2LdSv+zVdJGOpOgUkfPJRcg="}},"zJmVfY8jLWmk2odIBK3bnL7YgeXYupeGhSHyRc6HqaU=":{"valueMac":{"type":"Buffer","data":"t1AijgmDLj+dYV55ISb1R/n22XUARwrJyNuXg10sPCg="}},"zKJTADF/af0qHv60RXhpIumJsZl5R3qpZozgjCEMZuE=":{"valueMac":{"type":"Buffer","data":"Qs2C+1PEEXE+27/9zfkIIxFhYi9/5N9D1JpQRJ7FNsI="}},"zWnne/s1m4lIbdZnUwESX2n3OQkTWMbWMdNai7Sisjg=":{"valueMac":{"type":"Buffer","data":"eontjfNAYT8YFL3xtlVS+ZMjHrgMg1SjC2RYl9uIYF8="}},"zk3cdu1WfZ6lr9un/LEsfC6/XTtVfPXEE5XlugBsDE0=":{"valueMac":{"type":"Buffer","data":"0/Em+vm9DklvgBhEqup9x401e6c6dzOGetn6GP+G82c="}},"zpd5kIzrug04Jt1irEpVS0V7aHgJ7U6Psu36xWZ5IXk=":{"valueMac":{"type":"Buffer","data":"Q22EcRIbI4BlNwG7NCermAARLzwoc9vvTgoyQwkyFAo="}},"zxv3mAY35jFnNyAf48+4FXnXl5GUmYO1ZvE6+mRI5Ss=":{"valueMac":{"type":"Buffer","data":"7apsbpBeM28DARkhR+grTrdoRoAkHJMK2QlzG3oAN5k="}},"z4f86ySbE7OUz6gM+6VI0/ZIqXCx9yrypId5EMwnLi4=":{"valueMac":{"type":"Buffer","data":"LQ/TB3PndheJLNnwWYlnb8qFzYiyZQWzBvBS0Rh4LuQ="}},"z/BOaEUmj9NSBaEFCg0wsYpXmuWJT94Qf3GbaOICq74=":{"valueMac":{"type":"Buffer","data":"8bv/SJcZU6Rfia39kG5b2FpNSvU9W9V6nAcib2fJUfA="}},"0ALt5p96hKXjS9ae9OX8bumw5TbVyp1HFwNu6fmTdfo=":{"valueMac":{"type":"Buffer","data":"hz5kAkztJuSVfmprzAYffSQIHM7gKO2yso02fBG3oA0="}},"0SOcVNRbAw2UL4Gw2eUxcM74beYDs0de6ac85ROuG7E=":{"valueMac":{"type":"Buffer","data":"IHCCEkd2ihPBUf0pYRnZlgylmdZXqTvAhFk0mXntpLU="}},"0fdhVEUVZmJjThbaLUUzz+fczxLxSfsNdGsZfRFRkHA=":{"valueMac":{"type":"Buffer","data":"8L0q2U3iymqccBVj8GdfjlPSiVPMhxgiBuddP3Zbw4k="}},"0jhXODg8y7qFrVuBKJOS+ZV5PDE0FFikJQXaUAlIU08=":{"valueMac":{"type":"Buffer","data":"gR2QvRxxR//0gVtT0l8f/47IFiyH3Rfu8c7dwFjg6w4="}},"0qk/ZVTgKyuoycEh/BpyVUAlZSAH/pXumpP1spcIKaA=":{"valueMac":{"type":"Buffer","data":"RZ8C05o8y6rl0QVmJDe558OJa5vi7fwWgspIo9xF0cg="}},"0re9D1J6UZoUxU22rhtCCU4R5i1AAZ7lQywiQCDiCec=":{"valueMac":{"type":"Buffer","data":"tydkde0rMYse0GF3UfT9C/vvz6Rd+p+qfmQKTtRDIqc="}},"0/Qw2o/mfb8xUkc0BmmQFFIRwn7Fh2TkhmuqLkxoVa0=":{"valueMac":{"type":"Buffer","data":"mIlnmCUX4e69TIZuTVHPHUtmboiKomPT+2CXocWsEdc="}},"1D78/Hlsoqqt05Tlqjk1KH3HXRpCXtXwQv99WiWyvSY=":{"valueMac":{"type":"Buffer","data":"A4ALX1N2N9YB7MK9/Siczgc7ZIcRAH8cU0+S+PSTkAY="}},"1NL9RnRmLuInnpZCNd5Tclls1cujzgwzMYv7zeas1lE=":{"valueMac":{"type":"Buffer","data":"jybB/dJHutiKogc03pfUoSUdWdtIlmiEhi010Bxnc2c="}},"1NqTn1Vh3/xW8bd8/utKbfESFwg02ZXyIIoQ9DZa7xU=":{"valueMac":{"type":"Buffer","data":"LcXd1E9kI4tVFZShPtdJBrVsxUBfjG5HYc5wNNQREME="}},"1UVuT11dpsW4cdS+VjTip5r8kkmpbUUBRW4RcePJrog=":{"valueMac":{"type":"Buffer","data":"dJk3qCRAprEzo3vmlAprbyFnfU6REjHYxTq8TlkSGI8="}},"1Zw4kSot4jHUJxNZArpOLXYI4nb3i/yLyETE7zkA6nw=":{"valueMac":{"type":"Buffer","data":"qUyIhLvRppwpovETV5SWOAWpmsA7zO9sb1yertc1wsI="}},"1fDbpG4foif9IX+l15NwITRbL+awcZCuSOz10l1nOEg=":{"valueMac":{"type":"Buffer","data":"e/MOwpX3+jqmZH9A4yv5AHgQs4puMzvoqxNxZ4o9AQY="}},"1g52bcfZz5jBopq7VdaWckDCQyR6au0HmxhXrXftBOA=":{"valueMac":{"type":"Buffer","data":"xQy8oROGbJwJUer3+VVaFqY2GpvPsq1HEGiDTuXjKeY="}},"1qZqEVLMm8ICNDgr8tggvP95U5F+zgqWIrcp0utBoqQ=":{"valueMac":{"type":"Buffer","data":"TgK5VgVkU9axsntyfuv+Q/5wS9+lqjyOvrKGBR/c/SM="}},"10AqcZcscufLYNZ5X8tOYh8HNxOGkJSXcr7EPBFvIH4=":{"valueMac":{"type":"Buffer","data":"Ow2vzt+jK2iRaGYNh3kvLvOg5HC/eDhhiGO4Ct8HgNs="}},"11cuICyYXp8+YMSOMtl+oWEXCEtTM1GlTLSYutchdZk=":{"valueMac":{"type":"Buffer","data":"Yegc/sd2/UECBIsBHhWigoWwh/GpvMc20rtieKuadZU="}},"2Aku02QtbAwSfggb8cKTnKdBphRRgrIzy8wBaeq1XQw=":{"valueMac":{"type":"Buffer","data":"WiCd0zCyj3lyOCvpeNk+3OIdeXqmh66DJ+FSLGlI+1c="}},"2FDlHgK55xcsJsx3q4YagV86ZqafvPT3EKl/d4exBiQ=":{"valueMac":{"type":"Buffer","data":"9qKtImN6FqxUzw/qJyScBt/GY+iAtsa47ZHUdoC4IR4="}},"2SNrDz5gHFZqxcyRzonSSq/N9y/qLxug0sl0EaX11E0=":{"valueMac":{"type":"Buffer","data":"FW8fQuj8cOSFfi6sHiq8dTyizcclM1GbinNJaQShtCQ="}},"2fmgYmS35clPehFKJJJS5kfOo/cjFGcx5g5YkjYeMw4=":{"valueMac":{"type":"Buffer","data":"86svwibuOa0Eb98cQG838yochq9kdRoSvhOg0VyT6Pg="}},"2isckKSx3Iwgr8wT/MRptrPD0t+ng1qQ8u6DQeVX9Xg=":{"valueMac":{"type":"Buffer","data":"l3qcs1SjXvLKWuNX2RUYQHBiwyvpdiriRSt8Oyu1UCw="}},"2mbkDqAGOxlZhbzllMu5fOffA5jF6yHNOXfM/FfRdGo=":{"valueMac":{"type":"Buffer","data":"6+e1D+llBLskd68tUd3HeMwNtUUjTAnIOSEfTqwJbv4="}},"2xFYasWpkqoLuut8f2azbR9TlfXkpfva0T19YruRjyA=":{"valueMac":{"type":"Buffer","data":"iWDwzkkvxrt/A3MHCvQ+ue6PXTnFZvRT+b7CBTf0e/I="}},"3EfkQ6v3PisbT21OvHxyD5s/Hl2n5en5+gBVYpu4zVg=":{"valueMac":{"type":"Buffer","data":"cqyQUEC7tC8VPs8UOlwQ3rkviQz6xZJYO0TcCbsQsPo="}},"3Sru46U3BjbC4XDgwyv3NAKHoaiXDhIrbuIdbLcjfbg=":{"valueMac":{"type":"Buffer","data":"/5g9qCZmWxvCJCwaYyhrRV4NQxBkv62WcrUEatU+xOY="}},"3alNCXQ5MCVqTpOoTqUGdWCVvdQF3LjlmfJBi9S/WOY=":{"valueMac":{"type":"Buffer","data":"tBbK232ARnXFapJRdWXeL+KlvTWe/X7T7cDzOIH5P3g="}},"3bIhMFx/hEjfovFGKD0lfP1lesTVDFGXww82tKNHoK4=":{"valueMac":{"type":"Buffer","data":"xV6Q6ap6AiD2JhMNj9LO0ID8JP1hH/OfXKOB+1bEesw="}},"3bV2TtvNoNp1D4lCcJGMvSNFkEB8fyKyXuDPxxMLWDU=":{"valueMac":{"type":"Buffer","data":"/VZ+9YeZ/KLYDl5lsyQjX3P2LhiBnHNuIBMPsl+Flq0="}},"3cXAoJceC5WUfk85AX9sJYQaHlteteiK+kalSmyFDp0=":{"valueMac":{"type":"Buffer","data":"a+1TGXGWZS6OW9hD7gVWMjdrrPlejIspLt0O/KlJALo="}},"3j8wT71ksVs0fOlxEKOcOi9ye3gX5Pg8WsEViTMME2Y=":{"valueMac":{"type":"Buffer","data":"v7n/eG/sCmk2e57YbqgJE9hV2g4xVgHr4AZxubTyUCA="}},"3xEhA4RceNwBhW3MKQGM3RlmQvZQ95AAYbD1NOq6P5I=":{"valueMac":{"type":"Buffer","data":"9Tjv1B/3tozvgBdGv3b6cd5VN/nAbpMstXPcGF1z1DA="}},"33DJzeFjglo4EWXzIBvS3KNVBwuYGLZggmHBqj8eDLA=":{"valueMac":{"type":"Buffer","data":"a0RJcg0Ik7FCnLKiU1gwD7Zplq+ObBTj0UCYJFXaDKU="}},"34sJTusUsvml32M+rh/RJ9AESxgKdYZoPEsKPrxgnTo=":{"valueMac":{"type":"Buffer","data":"Oqjg/3B7BzIEwd6f39+1vYkEkisPckjCz63FBT8zg9I="}},"3/B7pvBgouYu4dmLKeNCn35t5RLqV8GvDyl/2TN/fL4=":{"valueMac":{"type":"Buffer","data":"Jq0VKdHYd1vB7vKnZJLuSbgv+TqBIWBZ7KyVvT4GuG8="}},"4FI9NaV0OoRvJFzAO/kHhZrAie21IO63csaN7nHr4Tw=":{"valueMac":{"type":"Buffer","data":"CfpzewLb2Jr6WPhR3T2e/R1Y5QrUoiK566d55KvrKfM="}},"4GjOZbd9OfQC0hvAxFzIO65r8oxY8bnGyml/N0nK3V0=":{"valueMac":{"type":"Buffer","data":"v4VnjfOb+FNpuWBXcbAlj85UQpKjDODz1Z+/KrHDWAE="}},"4L3oRj7PD7Cum6xscFw6Jg6WVGs4FSiP/fsibolqoEY=":{"valueMac":{"type":"Buffer","data":"HEcQYDK+Uk/bXmzBxlCqKcAHXLpvfNViz7zyvHfVB7o="}},"4PUeeTkxHHR51E7GPgn8fckHl8mwfNRENi5AJY162LQ=":{"valueMac":{"type":"Buffer","data":"ASShvy36DkBxvTXILnjIFIS7uG9AbfOTOkNbW33CJRo="}},"4ZsoBcaqczeMQbxXEbsUm8bh4ODjp33r+9FessherKI=":{"valueMac":{"type":"Buffer","data":"daDEpEbGZn+gqkgFBUq+9fK2FcXYLNItKGF6AfCUmdU="}},"4ccb1VHBaQOF5in8qXO0G6Q5tAzC2/4UMPEHqOg5q7w=":{"valueMac":{"type":"Buffer","data":"cYa9pN1S/cLBGUh+M+VT1toQkxZ8zoM7DJEFszvOxeE="}},"4ph2vWapMuG2n6GXb+kcYUHYHjGQKmF1Oo+dntvAUIA=":{"valueMac":{"type":"Buffer","data":"BXSkFz5N29rgJ0hReVWjXakl8sYzbs9e+wSWo2Mic/k="}},"4rS8V8ZKqqRGhKiy1c4DrDT8kV0rT93OM8yXri+j55Q=":{"valueMac":{"type":"Buffer","data":"W5qrfaLK7k0BK/jgoMw4043kKRpcIPIzxQt/l58FEyc="}},"4vAbx1unJksOpIHOb5BiHTwlWZBanfR1zqgGgk8C8ec=":{"valueMac":{"type":"Buffer","data":"g3k5eOM97ITgyAqF5P1cSChVUhQMmQ8fd/t0FWH7iXQ="}},"4vC2sRypUzPaLsNg4d6O4IYWvJfBZMqtgOmB8aJglTU=":{"valueMac":{"type":"Buffer","data":"7ivmI+bfzjllx0WD24mYAtoyJgfdat1Xa+IrrjadPQw="}},"489YBmsgt6w81d8uYaPBsJz52iCAVTz9OI2ZWKkr8ZU=":{"valueMac":{"type":"Buffer","data":"gOiNjIisgf/NdpDErC6OcqrpvOZ1Lw3sOjfg79ZU7UM="}},"49F9AY5xbeUOUOAG6QLsgL1RNHtUYFfMpuJF2YOPg7g=":{"valueMac":{"type":"Buffer","data":"RHN4S69exUSpTuMoJ1ddCSmm8WUOXrQzw8Qd9OlkJcY="}},"5Q7lvtGhnqqKaMpwGUsYqTogvXC7F3+MkacYhr18E3s=":{"valueMac":{"type":"Buffer","data":"3bhTD8KM+e+7sBE6VI7k/3mcyKleT5ZFNDuOuTEg9Cc="}},"5VFQLHU5H5EJadslY0/HbDsIryikyDwUZm+uxIHiZFg=":{"valueMac":{"type":"Buffer","data":"uj93hfa31aZNUzg4C/lGBh0afUP1h99q2PBQ21W73HE="}},"5dp9OcntR1jXwYcgri/kYryCLXRzi8BXtu8g5ir2ykQ=":{"valueMac":{"type":"Buffer","data":"Sz1hxVgszW/v33Bxrg+6QpFNgz/qLXkDT9mBLgWhuBo="}},"5fSVRTpGD9KM84hsovwAk3VilSo/zQw+pDrMRFRwFKU=":{"valueMac":{"type":"Buffer","data":"mU0zoQ2gKoaMz/4IBA4unmc3yhPTBxEE8GLFgddfotM="}},"5jWorO5gQXzEr5rnq8MCFOi8hLsTPAMU2NsA1TuQb7U=":{"valueMac":{"type":"Buffer","data":"aR67rAlRXjzrpNmUkXGU5JLAtqrMEZ19pz308Wtml+U="}},"5rRrXPfG2tJZrI2UVkbQ38fyW/KF8hcX9pVSc9T6pzQ=":{"valueMac":{"type":"Buffer","data":"SYxHi46eVSYdQFBcYqZ5su5BPj8mjioYigZ7FyLQGtk="}},"52Wj92N1Kwsw3vtdlRKGAQ5Y4D0iWDJXgqyeUqjHYBw=":{"valueMac":{"type":"Buffer","data":"9YJTx+GnfEe60BvJFN60SuFihPiqcn0sTZ4sBlSrEjI="}},"6DAlmwuQzvMLwBeVRhxh3S8c7SZyAIiQfi4THZBW10o=":{"valueMac":{"type":"Buffer","data":"6QCs/gN8QCgOCB4ouGhIoPdYql3aSPOste2H938kvoM="}},"6DBstu8wHyX7BVe8G/axkk4a01k86DLc9nrxKDD1oIM=":{"valueMac":{"type":"Buffer","data":"ZtoFtRi0DeZv/1zKBPkLX+qDzWyJm7OXQXvEkJEWSJ0="}},"6MGHZnxJ4ouz/EMeka3jOYDdE3GaUsFSU/lYcArdM2k=":{"valueMac":{"type":"Buffer","data":"sh8entsTtR+5FhMS6DgCr/xflNulhtgHiRUqNa0kJTo="}},"6WscgjQFzzWByemLdyFfrp2EM8yausVvLiZYewKJ/TM=":{"valueMac":{"type":"Buffer","data":"oRQMXB1mDqVrL6TGc+uFIdYyj6cuPXUUgFWVGWbM8GI="}},"6aoQuoY/feJU9xl8r4jJr1uzyyA1CSoFinTS8xC+b2Y=":{"valueMac":{"type":"Buffer","data":"jJxehRLxxxKOYiW0iE+t2VO6L6hW5/hOZ4DqXcY/7N8="}},"6c217iU73BJcI2HXanaDNv1BD+eEvMk4aJX4DwPJhh4=":{"valueMac":{"type":"Buffer","data":"WiAGJRA2P/HTMqjAOF+DqwS+UghhO6AKkrIU1C/CVQk="}},"6f9DbZ3mYNEawGQgjzbkdbAkk/kiiT9hSyi9+iV5M4A=":{"valueMac":{"type":"Buffer","data":"AUhI0XtLmj/4eTT1nvPtO3J6zslywRtxMUd678KBJm0="}},"6g33lljmbGJp25rBOUP1bxPuQs2O4eLCgkOURg0gFPg=":{"valueMac":{"type":"Buffer","data":"qAzVuYe5o0k5vQ8OhgP2wUzobUlB2jN68fEk0kkwjT8="}},"6mZla31NHTZcNK+dNM5iznjUjCz913dwv8GhHHkBXPQ=":{"valueMac":{"type":"Buffer","data":"xNcfvXOiXtgePqLuekft/M1kAkB1teCWl7gVcHAhtuI="}},"6r466nXmwSk3w3D1UIVNNnmqLd/T9jxHiu87mrQeZyE=":{"valueMac":{"type":"Buffer","data":"6RIJaIY/EjnHaZNQkI5RgrgM3dMoWCOLe//M98fyvpM="}},"6tGQqVZc4dPIHUNt1fdZR2HtPUphfW9JQ+PIrZJ7/rk=":{"valueMac":{"type":"Buffer","data":"j23srO/6h3UV3fy37IG9N6+4gtqb0GEFnhzyFSDupmE="}},"63ScC3ClrfL6epzx4IBRoo/z6p+LQd4PZdy75ZnsIRQ=":{"valueMac":{"type":"Buffer","data":"MxpIhF5tJjzI3r4Fz6dSow45j3uolLlcmG5atH6Qc0s="}},"63ocWNm/hpz6zIvSy/ks+sBEp2O6LBIBJNRUdjRr4jY=":{"valueMac":{"type":"Buffer","data":"mkPssO/+WjoJ7um0PTVoWTjqK2u5Au0/ZTurzBMvpYQ="}},"631GINYfKui61pCXHykONIMd7MotcI1Kg1uou+Ye4g4=":{"valueMac":{"type":"Buffer","data":"DpoRcT7pgvTi+7+czZCnsLU6axi+EhyGB76MbZL+QLo="}},"7CeueSweH9msHNDI3HDVKFDnJp1dNloqNtZE2lPHHWw=":{"valueMac":{"type":"Buffer","data":"42kvwXx5Oah+FsGEZmCjBl55kqR7rBacqEZv4lFdhsA="}},"7ECA45PsvpTNKT1AeThhK0MI4FYUZltGC2NcTqg5P9I=":{"valueMac":{"type":"Buffer","data":"bssWPtuMa2FqWuPeF/mGIoNo/cabh+dS76Sp9wGCg1g="}},"7E7K/sdGfNVEBN766smJAOfx7T60GKmSiFNu8qwbuAY=":{"valueMac":{"type":"Buffer","data":"6QtT2yKHhlSzGUpnaFYuV6nw2Q2YXqled5lsdqYuU+k="}},"7TD4aEOowGyLBvYxfVd217nuQ8+GWi12hiuBK920kbI=":{"valueMac":{"type":"Buffer","data":"Ke7Q9GNMKfcVPEeaJAvfo8QuJG+KHH8yJ+Xd/i4iC4c="}},"7eHiGqzN4vvpwa7/ToFrFOrjpk26x/lyJWugACeFmYQ=":{"valueMac":{"type":"Buffer","data":"n8INZH7s/7x0bv8DuD+cQ45VTXcj+uNf5GCgnm7QkTE="}},"7vtZihivXt/anVwC3wgc+XoPY58q3bWdQZ4M0phwLG4=":{"valueMac":{"type":"Buffer","data":"GvhVcAT47aOfo73YddCL+VuzE//2rEZ0uJ8+egd/SxM="}},"71q/puZD5UbKm3XUasJpW/J0aj40W7Vm+XOr5dFoirU=":{"valueMac":{"type":"Buffer","data":"wXngya2+7iD3IXzNrh2dv4AsObkJzMKmeIjepCmbJFE="}},"73DurxSmpfoHaYnrgFehxIYRh0dlkFj11iilIEC4f8w=":{"valueMac":{"type":"Buffer","data":"GaIXI8fYMY8fT5rJlEBDsRFqRFyKkeYLxqwUjL4KkWY="}},"77FAPceD3nxF9BFfxxN0vv4AybqKvIJyFNAIfH8qI60=":{"valueMac":{"type":"Buffer","data":"cdudjtChuF4B9Fa/a+xDlygGoI9sJV0tmiSSxODGj8s="}},"79pfx67qrSraqVuXDRQxd0zV6Cb1uN6tqsI8wcXjg30=":{"valueMac":{"type":"Buffer","data":"8mEVSni2bowwtd6Eib0A4VknfaBiq9NZ1S9a+QFfYyA="}},"7/v+5mM3gQAgn3c2klB273y04vtPg+8db3FOL32hKVo=":{"valueMac":{"type":"Buffer","data":"pfPROrLJcntVRBG+3pmKC/oDAt+NE06WgknbFVGjgzM="}},"8AczuGvsRfU9OeXbgsNyhDZ3CFkTvAyjkm9OR6IPP3Y=":{"valueMac":{"type":"Buffer","data":"uSh1N46ir1+um4OAk/E8otS684ZDnH5drZdqbkuAGWs="}},"8Jbewb5Wt+976Cl2vDJCKJQNMEu5QX4OcH7kGxQPx20=":{"valueMac":{"type":"Buffer","data":"SSrvGPvgO6G9InKRiEp/hCoPbvLYSsJxx+oFjuAoKhQ="}},"8eJhX7Lta4ebtuaQNagmk3mEUORt8CMXy1L8tN2zqFs=":{"valueMac":{"type":"Buffer","data":"WNwbqtV4yPcBUe8bEN36wlg/baWiid1Ei/7pcIi/iJk="}},"83VS7x1nqQiCQ5S/Ja1GPmR9naXTGyYQhqeFRYJFbqI=":{"valueMac":{"type":"Buffer","data":"Cwy6fg7xSX78w5pPWPZ4l3rFFA2aAJS4pbTAR/0KJEM="}},"87i1VGY0IR+YGC/k3syGFMU9AMdGSHWidrDa2ZgGVf0=":{"valueMac":{"type":"Buffer","data":"45SqabWk9lY8UdvWLnd/DvtQv1AQ9v/n9iCWi4IJVFg="}},"9C+cECx/JxlR8f2GY0nGGntBaaVHuYUKWQNWrNUu4HM=":{"valueMac":{"type":"Buffer","data":"RPzM17fSXS5spCCePz8zA3qjZpMWlUNMhHGGH5Mcrig="}},"9ElQTYGQRMGaUx0ZsNh58/Gukaxsf/vu6Pitl/ktRK4=":{"valueMac":{"type":"Buffer","data":"k0NcCaVU/LAPKQlOH8+dlBPwn70LF3pdNsd5VCmcO4U="}},"9U2ip8QPNgP99sibKC14m89mbwpAzpAEwClC1bhaFxM=":{"valueMac":{"type":"Buffer","data":"P1WPWuRNmn8bqcg0DjgQHDjGFA9wRgrxBIJYoxiwzQw="}},"9Ycds0nRZadZCGtHl1A+FJ/6XDqv0XvCOKdbS41to90=":{"valueMac":{"type":"Buffer","data":"DNI20IwnTMIzK0C2YKl+lSr7b//iFovoaQ1kNTJZt5o="}},"9bM0OFd6L5aWtCz4m9KXYK9fWw0RV/6Dwh21EZFL/rs=":{"valueMac":{"type":"Buffer","data":"LoemAEWLihjkdgf91yVdfH1yz6ONo3TkNybqe8hpUy8="}},"9cHvwUV1/u6PPAXqxUwaoObkjYZpnChYlRbimcJDB0s=":{"valueMac":{"type":"Buffer","data":"wuSxOfQ93UMKw3OT4T+7zz5Py76bCLGoYAsN6Ggj1wo="}},"9f9qL6zYMSVHFypWbEmFWGdhWbH98szSxdOJiu2fNkQ=":{"valueMac":{"type":"Buffer","data":"c9/CzKgHDZ+0ndyUOIJ2iHoC5zm4yvnDpw4QME06wJ4="}},"9kOU0nk5ByFUhio+l3GQDGdZrRUnHSSvEavcXTUxH9k=":{"valueMac":{"type":"Buffer","data":"5APFdB6X8KgEBPpBsYDHWGPLIEKqW8gFc/0oP6wDHe8="}},"9lERIj/B3c4APQmAoDwQaKTDBHTvNuKLMTLKPQQsXnA=":{"valueMac":{"type":"Buffer","data":"oug2pR6EVa7EZwBnIesNDrJngSddYDFDXOgw+zjpC68="}},"9oCsLJ/3NHhLcKxpHzeouxnxPigCbPYIGoALZhFAUpg=":{"valueMac":{"type":"Buffer","data":"t0c2JV53aE9VrisgSgJMZnkLk9m3iCMqeRfntGch/TE="}},"9oVuRfZjsP5vOV6Gra9eYIfyF1uqb6vY91sxEDG4fP4=":{"valueMac":{"type":"Buffer","data":"5dmnC69QUZ04jMj3rfGimREdRpMVfk+wR65sNG8DSQo="}},"9tcQu2y5yguIdjim4RF2g+s5BeOK/MgSLiY8+N3zqEU=":{"valueMac":{"type":"Buffer","data":"i4rZ0e5gw6lpgjvqpGiKCg4Q5SyIBg03BHTw0DAK57s="}},"9zwcguw8+T0RaYjEfXHK7wiI+S7rsTpsIP2EYR6kCkk=":{"valueMac":{"type":"Buffer","data":"4pEI7uKtVAk9gzRJmPmDfWOcEtzGvXCuuJmQbwLMKaY="}},"95wu+LKlyLpsA07pat61zcpJLafIbhZwqSiszCtVoZA=":{"valueMac":{"type":"Buffer","data":"487YdOfaG0uGA7RlEJEr6VwWJhPUjTe1K3sjjG5nz6M="}},"+Io2Rk+hDpfOPAyjTUvxXUAy+LrBU5GvDTrXpR/X3f8=":{"valueMac":{"type":"Buffer","data":"rO0XSdkb9SQruoC+UiP/IEnU4iZX7Yg74GOQ6FsjeGw="}},"+M95YItp16WsFOLorr2apRt9rR22XMZ4fC6EvXBiIQ8=":{"valueMac":{"type":"Buffer","data":"vh4F/EECI6SGuoEpQtwhK/TxKToSuy8gFZttRpeFiFA="}},"+O1jDL7/Ulghh/tw5OGumZ4AoGQH5kt6uIHMms1yKYc=":{"valueMac":{"type":"Buffer","data":"sG6Relrn7U2lytFOUKOVmkHPWrKk1hKaof63wGH/Nxk="}},"+QxJ4j7MYIrCUa78BQlA6ikXNCTXpnAtg/q7ifbbdDs=":{"valueMac":{"type":"Buffer","data":"Yu02AQyptdcD80ey3HHnCkpJx6iU3JYjmvhduqes3nQ="}},"+QzS/4luSLGm927RLVs7pMuYO13IRXd9oFeabKLLjUc=":{"valueMac":{"type":"Buffer","data":"CEnL4rgAsHkEOnAIRk3XfzyzXUs/F4aIUd5YQs4m0V0="}},"+Tva0LoLIvWUQU0rkygFlf7n7yGpzhL1YG1zCkoxdQI=":{"valueMac":{"type":"Buffer","data":"yn7D4CNpwL8koJhfhFdYlzYovLf5dKOVHk+5aCUBkks="}},"+X+ne0mpo+GPtJy6a2gRu+EHnn5mq1f25lOurEIKSRw=":{"valueMac":{"type":"Buffer","data":"l7T72cJCuxydxP1M+JEmZKATXNOwforWwH546S+ECeI="}},"+c5W+wWTmGdFpK3LURuX5wngzDD3tcBjF6iWVVQZ8ns=":{"valueMac":{"type":"Buffer","data":"+AxhpWYpC3NKJh1jFOssiQRyY/2Fv5efHGzZwZuMjE0="}},"+mFO5HSWE74p2LnnFgBoxOr4jtrzzzV1Vw8doSho6gM=":{"valueMac":{"type":"Buffer","data":"4kwtLeNVeYQQrlvsfgYSccph89RhgprFUfQOk+Ymfvc="}},"+uHCavKxZqQ+hPc0zuXjD3CGrI7fjfQ+eJ2Q5OfEta0=":{"valueMac":{"type":"Buffer","data":"X/OCrinbgxRMghyxxqEjLTbeWgEX948GCVbZ2ZUiK8o="}},"+01X/rIrNr7VIC+xyWWSMkdzR8VIlYdoioG44j+C9bs=":{"valueMac":{"type":"Buffer","data":"NUBaywWNy1i7/AbTbxZHH6cRkWdqJraW7upavXANzP0="}},"/A6twyD6ajyQju02q0NA6U25/CqoiuCG5F/J46G4Exg=":{"valueMac":{"type":"Buffer","data":"auXcdr7lLXpnbgz4DlRk9LZygw1dY3O5PupNgtbsrO0="}},"/Rr/lYkXeJmPGOVQx2HyNszjXBVEdZ5wv7AxJz51VHM=":{"valueMac":{"type":"Buffer","data":"ggzU7YKbydMqXtCcMFQ2+IyLV+ME0eCkq6z12lS6N08="}},"/YFNjZwu0i3gmQ0GmUnFP6xkqiYrtBpk+2Vwx3cQ0O0=":{"valueMac":{"type":"Buffer","data":"GX//5n4PYOPGz6Yw5C2vUZ2r/CK/yQbe4O3lhWbURAw="}},"/a4+g3e8Q8GX5SJUgq86ZcG9G+FP1CiN4I5+xHyxNgU=":{"valueMac":{"type":"Buffer","data":"7cM95Uhs3tixlDFt8wudeFiWmAmYGNk66dEtLCS+12g="}},"/jXCikrblQWQK6683X1qLOzrYN4QqiGhT2VNQ57Ygdo=":{"valueMac":{"type":"Buffer","data":"rPdhyY25iTmdQU3HRk7bd9/7up6hFG8dSAkEfIysaik="}},"//HQ87BSfLl1IkoZ+NouD6lQzx8KgIcRSU/lA3C90eg=":{"valueMac":{"type":"Buffer","data":"ULDnYmhUOYxvm4BdvLScmo+bOhGK9LIWgkSwX9UzJnA="}},"Ifz0zjhjj/U6BQk0B9jW7JsVUJ2RLNVOVSLJzDa+3Gk=":{"valueMac":{"type":"Buffer","data":"bP0wz/W6ckjXlQJv9auNRQ5xpzArCWYZVp9GsgNZNz0="}},"H6ptxkWexryqgXv5mtGNVF0dDnjk1gkaAjwy4i3e8Sw=":{"valueMac":{"type":"Buffer","data":"ybD0RET9hZC8vvzuU4944Ck8rujxMnicyGGFwx+Og1E="}},"PVOfzgcSmsZL8jru93Ke+CbknVxrVmrmhc50LujGXRA=":{"valueMac":{"type":"Buffer","data":"dahfAeIVdV55Qs0vZw6x11UEQ8OTZ5QXNqoObSVJFJQ="}},"YeadG3ZTv95BXEYO2RIOiy3pNZcDervn8il3TImWczc=":{"valueMac":{"type":"Buffer","data":"w6LFPNTFzLbRhYFnyUd2b1YvtE46FpZig1r5r/fa4Bc="}},"GmlI+/62GiG9h5wB+I5pq3E3m76PeQ9hbLhFw6nklUE=":{"valueMac":{"type":"Buffer","data":"Gr+2toXA+8Nwh6a2fHYeBHBVK4gKyR3vp1t27CvkxJw="}},"DTqFgh6X1r2I0yXxZK+6V9SXRmlGrvA7FC9ZHo2VcW0=":{"valueMac":{"type":"Buffer","data":"tyn447qO86s9F/biGjb2XtWFUiu0JehxNR05YkcFb9M="}},"RH6JH6I4TwIe3ZqMqfmAnf/C+MRKFbDTKpXy5fSgLKM=":{"valueMac":{"type":"Buffer","data":"F/1OYoATd4LIdGKnDZUUJKeafGve0mMKKDDDvkZ3N5k="}}}}