{"version":55,"hash":{"type":"Buffer","data":"oCPVGCqA16CuyS8QGSFqkTs0XtGRfLKS1A0BfRU7lW1za1vDcF8TKZaF/QC2+xNFluH3izA2IG8QpGBGB32MvmZcN36i2JHm/R1XUF5tyMEp+WxuJwAN4mrIu5P9DP+CpEIk+BhIVztas6ibnKfQdDI6UIT5E9506trchQGaVD4="},"indexValueMap":{"AX5WQQRos/jqfO7vKqiSTNlvtQWGkA6gFuKtZSo4X64=":{"valueMac":{"type":"Buffer","data":"hlbadN/cv+3lyd92409nrkeybcFgGtU52NcTyPw6z5w="}},"Akl4qQMBZlisQtdMfYt7XvZE9YB1gHrIb8jG1bWTd/U=":{"valueMac":{"type":"Buffer","data":"3s1a5nm/ZLYDFedDmcDAfBNIheOapm87I2cSpbSscAo="}},"A/9vshfgWRPY7rsF0FDkaLt8vLQJnlDrQ0B9RhDKctg=":{"valueMac":{"type":"Buffer","data":"3YeDfPpjXirterMVK6os3OckSjF3jjwcX7gROLbmylE="}},"BLlLKf1XZbl76kcX2/BFbBU5Qh2hF0Pxo7IgeJfkPgs=":{"valueMac":{"type":"Buffer","data":"ExO4AqCLkm5CDqIfBVj3koMDOIuNB4JJMxHgclHfxXo="}},"BsrhlK14kgUR1Vi590RYAzPLIhEh4xFqP3LASQLfZec=":{"valueMac":{"type":"Buffer","data":"p7J7vOPXGXAfmNqYc/JYdoxfOGBW0ZJJHGi14kb3pdg="}},"C3bMpbPW6IuWebxs9hk4RHXwX1qdNgauGnz4iDS4Ieo=":{"valueMac":{"type":"Buffer","data":"DNXXPGy/EQyQM9+JcaggLYrWSvQewgD8Sityjyes/mc="}},"C+8Kpnwg0MQLNu2Ss1EkfC1WU23WqqkI0EzKnna77vc=":{"valueMac":{"type":"Buffer","data":"Os+ghI7lP/OVsSSeSnfOxjDjsGqj3WDGwes8zBB2zOg="}},"C+/TC4+5S1DHfP5BWX1tpzg1Cmu1eEVlX+w2kzgO0/Y=":{"valueMac":{"type":"Buffer","data":"4eAVoNr07ByhRIMgWX3aD58KKi+k6hjcOPBoa1SNLeY="}},"DZAoBTMLadRliFMIFIoBehD8VwLp/S+Unhg783PsydE=":{"valueMac":{"type":"Buffer","data":"yE0z6E1BEF6rIZFgwtkTqg9kejIt5bjci9KVFlHkGM4="}},"D0EtW1BgE+dQn8UlL3uJwy9d3Y9ZG/kTjDY0iRKtNV4=":{"valueMac":{"type":"Buffer","data":"4lt5yvQ3kHTkii+3CG/NEcdlotUNQMicrZ11lC1K/hQ="}},"D0M4dIQrCEFVNUW9xn6KU6wUcEvoN1sub7OPvqi+HGE=":{"valueMac":{"type":"Buffer","data":"gFrC6l7Sjs1FS9luZukcRVIT+8DuTCpXgEasj4SvgF8="}},"EG7pOpb9QJZiYez1i/K84Q5jrZe5jNpuFa3oFD2dhUs=":{"valueMac":{"type":"Buffer","data":"7AO0oxG2nEoC7ZFFY9ZCZGlrmdw3Bu41sMMBUscTdZM="}},"ERvIhNAV/4MK/ZMm1MdBCcWh7U+9IwM7EP6XjHkC7XM=":{"valueMac":{"type":"Buffer","data":"n9jwnEiMAuMZjDcT5itAm9kgIDUT8dn8jFo9rVr0uFk="}},"EVohP5scGaml3uUTb/KtFFJ4KygFqnPavuA/qkyzLE4=":{"valueMac":{"type":"Buffer","data":"BCQ4uuP7Jry4rHVSEfXbaRni0vMUNLC0qvYcxgjUEXg="}},"Ef26zeSoIL9UhZGPOLV2YAXn1BXwHRAMXkNUNAA7ZWM=":{"valueMac":{"type":"Buffer","data":"l5eTy+nAYDTxFD6GNFuvVjC3PfUcxzz25YbvcYcw6E8="}},"EmeebcYbIPTCGlhWmgx0BJ30Owpi3x39AdeTXug5G2E=":{"valueMac":{"type":"Buffer","data":"Ix79CC9EKfJamwA++C1i5aCpnuRkSArRxt+Tbcyx9s4="}},"En2Y7wxw2wJPgG6Fb1Ydntih6JfRjMk4VFDgX192exE=":{"valueMac":{"type":"Buffer","data":"cGUdkaFiN8eMld3NjuV8mih6RpUVhjDaCWt+d3dGIPk="}},"FGxOIBDqA33ukrxDyYH3TIHRmytPiMCbtSl3ihho/fs=":{"valueMac":{"type":"Buffer","data":"DSUfhuMAuGXGngz7IdInrZ4D2D45Gd01uRUqQ/cGRpM="}},"FI0mChk0nOoqWZDq+qrqg2SA0jA982CREo9W1vXSc2o=":{"valueMac":{"type":"Buffer","data":"o8fMP4CHTYG/BqYXifIkZz069BraaX/KGHroV7fCsQI="}},"FbcAfdaLiYpkC0Fy8ng4UhD0/iDwjfpu7VTm0yBSBTQ=":{"valueMac":{"type":"Buffer","data":"LF4az+gRZLUagEhUODkHzw+aG0NXOGR3qcaNu/18QcA="}},"GiBq+0yxAwigEjGJRsFQPqQCDJGfck/47Mzd9i0syjE=":{"valueMac":{"type":"Buffer","data":"+VkzYC/ctsfGil5eemfl2pdEAC7frtZIjKbJypGmt4o="}},"HCye5xvg0a+880G9C6JmmmBchsUEFGdHMnlYJc2j6W8=":{"valueMac":{"type":"Buffer","data":"+V+PeKmx/MHV3fMK/kl2mobUodZf5pqF+IfUj3ODH4U="}},"H0drFD99xGDj4ne3P0lZwbjvH+ZPpHJwGQypvGb3x2w=":{"valueMac":{"type":"Buffer","data":"kqXAV7zPKoz6bQq5haL5Z5Z90j7/2M016ZqHao2Aya4="}},"H3LY/+/I76D3tEtYW6ixUMbc7yTFyIZIELqG3s6yHDw=":{"valueMac":{"type":"Buffer","data":"hfoKwWxXV8DXgKVV2TeINh1+LmE4TrIEDxd4FiE5SwA="}},"H9ayak5jliddla//KAfNp2YJXUnk2GMfPatiIMDZ564=":{"valueMac":{"type":"Buffer","data":"x3zZ8Zt/QsJoncLEoiFoljYOhnUWgOk3G1aynC4oJ9M="}},"ILWvCMMzUrh7YQAfBwvBLIAyMBjiteFSbg4fE2Z/9BE=":{"valueMac":{"type":"Buffer","data":"Ls9c10nfyyUAp2WYd22p7MMxbgalWelYyOyIvsQYhqY="}},"IvAP6DhdU6n5/GrgvmXJe/m4isZaW1V+TxNfu6LFoAo=":{"valueMac":{"type":"Buffer","data":"tqAU0OheL6Fud92alTNB2LiJTmFJfz361LFHTeep6rE="}},"I5p61N4fQMhlNE1zchasDvuJJZjQL/wZ5NhhqrmiW2Y=":{"valueMac":{"type":"Buffer","data":"MLZGjcvYAvjfyO5X/3fOQSW72hubLdS+knAnMbZC+MA="}},"JAbNPsW5O3O4V8TLD8qOFC3LOo7tE6rai9TirrlsG14=":{"valueMac":{"type":"Buffer","data":"STzxEW8HVzZnA8GXMx78w74NbXuE5F+ahCy49fB0CGc="}},"JHIJOHriL5h1Bhg4docZfRVnBqE9UU50IMnILmssJW8=":{"valueMac":{"type":"Buffer","data":"QTlk9QZlTXCrIssHlRmyZsNa2xMqBsv2BmOXXhMpgUs="}},"KG7FUsPlgrtgWjkNd/RKWU78niPO3Us1kqlsI7LHujo=":{"valueMac":{"type":"Buffer","data":"UnEPLwaHxT81cDDg233WncTAEUAfBiXVhr2XcqqIAFs="}},"KHnnYFexUEAjrXuoTryqbbNJ3Nxz0TQfb0SZw4SjDkk=":{"valueMac":{"type":"Buffer","data":"3T/7q1GNjPeb2qaSPb8OrDaQDpawMPbGdQ512XF/yYI="}},"KS7u+oJFzWDHMWjbXkuR+5y09voRnTUgsjJzMfkbeVs=":{"valueMac":{"type":"Buffer","data":"AcCA8yi0hLgqFHuUKnMY4rFHoW/RWHRCFA4zy9FIv7E="}},"KdzOYVvKL0pvX8OWKxi9EuZj0qdBqeZRQylt6lusbeg=":{"valueMac":{"type":"Buffer","data":"qsaFTd5ybeE7NvnP8KhkWnRVEWOj2IYDKHxu40oiqig="}},"KxkxykC3+4MY5b1AW1rDFfOet+igMMV7yR8cIvBV/mU=":{"valueMac":{"type":"Buffer","data":"YrykLmdMjyJNfaAeNAYsLKeBAvc0uNJyTyZYbvy4z5s="}},"LplLBtcjXe98dJjkfhbicUehyzSbkluTkRVGgOOuINs=":{"valueMac":{"type":"Buffer","data":"nvHPCYdRuaSWwZIyDzdLYO/5bhePkZoSWbmB7HHNVak="}},"MA+r3Pkvi9c0gCbbwb16/9zoQ2PoYkspmL4Mbtm/YUI=":{"valueMac":{"type":"Buffer","data":"oA56+atnSaclKxO352XwyXA0EK+VAG51xn6tR5+8bQY="}},"MBsF7wbKZydlpKbqIqPvysBvbJrnvmjNyhNIzEaepdg=":{"valueMac":{"type":"Buffer","data":"pXipyWgKRRJYZdFs5lK4Ui1g5yGKAaEqHJrJA+DKaUk="}},"Mj7+IpBZS3Nc1PI+8WeIa/rURwTX4vQYIbNT6K2wZ8E=":{"valueMac":{"type":"Buffer","data":"lV8UtS9enILu6wzHCk+814TqLZfXXCK/1FnWWMTqfA0="}},"Mvv9NZNukbJ/08i7rcrBAAYMyPYr4900aAv1xGxeoPI=":{"valueMac":{"type":"Buffer","data":"ubI6hyiGZYSKS5Ep/tHo/GSGL7dv3lu7njLInjE/KkM="}},"NF+b+RUpTen6rLDVnngoYazHhqjR20DMqpwG5beselE=":{"valueMac":{"type":"Buffer","data":"i5y4OxfpH7n8Z6G4fErFVtbgtaO8a5LVguwZSiK1kv4="}},"NSTxYqxxl3fnKCG6HBE3fuEKqBomv5EvBz8zrELz+nA=":{"valueMac":{"type":"Buffer","data":"oNCJ1y8uChKCMA0Ics7jPReY6Fwb715+PNSEU5NpwnI="}},"NZgOFCd93/6va6p9RquOKK4bvqnHOfOV15uaFvUU/FQ=":{"valueMac":{"type":"Buffer","data":"/rDosiRzW/Ga5Pp8f6nDZyoRRn8tctBSJQKfj1IshFE="}},"NnFZlasbBxeudJN2mSL+27u6O3QbJIXvknpC6ivSQkg=":{"valueMac":{"type":"Buffer","data":"yFjRb43kCdDwUIZbQWJF15Pp6D5El3degswzTU1tS4k="}},"NzibGlTUoemaEjnHt5DlUD0OS2ti5Uc8ru3KcpjeTA0=":{"valueMac":{"type":"Buffer","data":"Fcj7W47dtLG0mHIObVLebbkZEcMfeunei07fWB9UKTM="}},"N7qs27gH+VedkI7G1vnBWj33PGWuwH5N8tCSEhLQjB4=":{"valueMac":{"type":"Buffer","data":"pemCRtxZa+c+5CbIoVuw022pBUcp9L5OzlhO+y0vjLE="}},"OIjxWwpliKY+80HT6tF5sUOED+V9pwxu+q7y0bqcMPQ=":{"valueMac":{"type":"Buffer","data":"/MPaC94cnc16PV849kFwqDuMhuxSY3oejJgEcFgrfRA="}},"OoHVBx2bfdJR3xhngFReKODtdO/UnRUyMHhSfaa+4NU=":{"valueMac":{"type":"Buffer","data":"o68nnG0Wbv0Kf9Ky+qpWS1Q0TzLe0/di32ING9mDpUg="}},"O8O0dbXVJRkUCPbFnvDb0p4MCPvo7BJuFbQCnulFtu8=":{"valueMac":{"type":"Buffer","data":"iadLgOdNOWNYPnqehWuuGOdF9Ca6QWXknXBCOp1RDXU="}},"PBKE0lnntMqJmHNWuNnDQEfBZ7E8mTvo6mRG/WL/Ybc=":{"valueMac":{"type":"Buffer","data":"Ev7Dl3bKCml9i2mBjWAVCU1yxsEYSNszjw0hqzXWQUU="}},"PiO8aZUkAYyKWv9/caPwge8I87teMnsD3CKmDDQMlbI=":{"valueMac":{"type":"Buffer","data":"ta7uRv3NhZ0Y4UdUGfiCZ99MWq2zHW4xQsR5v1kJN/I="}},"PnklZWrKSOPk7IyIvsZ0VB/tj18p2F7yeUyG+uFLG88=":{"valueMac":{"type":"Buffer","data":"UxBpVYaC4FZi32a/jiseCVLY/xMRC2XOlU4Glvm1Ha0="}},"Pn09scirbB5ZJNaNK6ccAZnSDP1JIYg9pfrrgDu9TXM=":{"valueMac":{"type":"Buffer","data":"1xVpFRvRZA9KaRQieDX+x2kBZeBE9g0E6s5NcwVWt7o="}},"PoyNjzXFEjDvV7qwHt3mCKM+aE9gkr/5XNSomYcXDqE=":{"valueMac":{"type":"Buffer","data":"9xkDvxht5BzKDsClzbKf4VkLwyUy+GMI4NDq39WBWpo="}},"QR1WEwEJccZi8+g/k5+zS3ZOkyfwAQFZt48zp77kQCw=":{"valueMac":{"type":"Buffer","data":"pV1O48qgrqJVHC903gALRH8GBsQY3IxvufxomKZDwy8="}},"QwLSR1HTQT5jbdkOZmJFiK79qwrSO3GgZ56ymaN4TMk=":{"valueMac":{"type":"Buffer","data":"DB4fSNTnzd54cxx9w/nwXR93kQY1VDATcpakgbmfOk4="}},"RU1ZLIg3OoFvz3BN67zWfs9RwkDHvgLW7QxLmpqN548=":{"valueMac":{"type":"Buffer","data":"NEMhy47zmFWp7JSXPzXqdy6r3wkQr0sFLXJWlBMK8SA="}},"RbwIeR18OFIQZHUE0YEkFZS0Z+0yNDOsLnaVwa0GPtc=":{"valueMac":{"type":"Buffer","data":"pYsoIPn1jvMGLVZSzTO/+TWoyoaMcEsMRBWdyvnP7Cs="}},"RfTyv2oih7RWssz7tw3rNub13tuF3MBy1hKFsMha65E=":{"valueMac":{"type":"Buffer","data":"vk19kB0wrJljbQ+2aYm8S1zevWNPgsQRDJLt8zEUXdU="}},"Roz20w1UJWkC115EyExlfUVgOxpe3409kWCtlAzm2j4=":{"valueMac":{"type":"Buffer","data":"FFEmr+z1s0n8DHWCO5xiRPpxlj14eUrd0K4RduaU2OY="}},"RwP4URSYlCyHWE6pKqOVLceevyCauNCGrPH8UkCaFmc=":{"valueMac":{"type":"Buffer","data":"BqFhyxUNFnTTdUFVNLte0pOoPEOmxC7GCZjjddUoQt8="}},"Ryri12gTL5ChYcfh/e7bE+m7kEXVkX5g71uREmizYYg=":{"valueMac":{"type":"Buffer","data":"CS7yJnjj3VtyCM73h3TqakMKPuF0YaNVV+jkBV4WZaU="}},"STsSVi/DsIolNdouVZNtjbKaCLouIPAgoDOPVNRxdys=":{"valueMac":{"type":"Buffer","data":"U+/GR4n+BhBJtoddVkMcvrkRi9mh0R7l4hPTLMn0wX0="}},"SUXqtLvDOEOPFk/8xH8ZiJUDGRAsJJsaG4F3qGji5Ws=":{"valueMac":{"type":"Buffer","data":"x4AIAr9nna4D5gxxjCLoxnwaSITTzik6LEAkpLKuZ+g="}},"S/ee2Ln4huKJdcH6UHvE8QE89oJo+1YnkytXBzwIWis=":{"valueMac":{"type":"Buffer","data":"IVmZZELwKHMooHvGYWMzyZAUGAFAkbFhn8J3lUFH3vw="}},"TQ7zYxRZ/726uDFufuVSEOorIueKOMGvamthiNoLz+c=":{"valueMac":{"type":"Buffer","data":"Vi1JNNoqZpaymVsVmBrJr5R/9OKombMOUKrrRdOzKVI="}},"ThKy+wPDlGgg4zNG0mLyhEhva1h2WMilMdAPx0LWr3Q=":{"valueMac":{"type":"Buffer","data":"ffzsCN03LO9YQOp1MMUI6kxWIx+KXrPUvQ66xEueFBc="}},"Ti7iTz5ivG0n8BPpnSBThUKKhoM1WGYW9lrWn1HbZxY=":{"valueMac":{"type":"Buffer","data":"BspLNG1mRmyZDK4VJDvnOSjq6HMdOMNO0qL4GH3cp3U="}},"Tzgptb9mEXhSfAzC97109nKNohLAfF1enrxGXhRtJAQ=":{"valueMac":{"type":"Buffer","data":"bdgFbzad5Wa+oHykxeIy4dYe+g1qJPRE9qkzvC443Pc="}},"UKHDnHL6RHqCRYOvikB4/F6+EkUF/cqcxhf7KXJeHnY=":{"valueMac":{"type":"Buffer","data":"ny92zXDPEEly9hrDC+LDaprqiIWs9GO2FBqIa/H6ZBs="}},"VqwuA9px0NFPaO0lv6mqIx8MXVzg8J24K+XdTr7cjHc=":{"valueMac":{"type":"Buffer","data":"ObzDjXPWoC4B1QwNq2SylkmqGSjr4N0Ba3ISXBEV8as="}},"V/SzuHwPikOSxybd8I/b5RWaMoJcWDEAAGx9JdXhdxM=":{"valueMac":{"type":"Buffer","data":"DCNr2mqdIg01i1POTv+pfL9N7hrpk6iV3wN5082yWv8="}},"WEjUWpcPRjOmFihs+AD5Hk2zU2r73q5hppBlw5z9N5M=":{"valueMac":{"type":"Buffer","data":"Bs2MPaKNVMRQZQjFqHYb60d+TvqNeHXi/yV0hg6p58g="}},"W8eL2CDbVzSQZTONmKKOy2+cQRNVsKNIealqLcBXoBk=":{"valueMac":{"type":"Buffer","data":"00AYLBYbRBCEjOvt/t5N0/YXgVoNRCmPsjnQ27w+l9E="}},"XSd8bOhOjwCmTF+qekfWqzHe7GN8P3LXFUZMo/nI/5g=":{"valueMac":{"type":"Buffer","data":"tE+WI6zKlv9Rp0Y3wUAKrXXKn6yfCU7TJbHTzU0PBok="}},"XojWSB+VYpITAH+vSW+IxolRQ5dMK4tJeHDaVB4RJaw=":{"valueMac":{"type":"Buffer","data":"AsnavE1kvuyZi0duZJlRaZ44yVkDarcL1H6cNY3icgs="}},"Xu5HgawkSBx7rYA8j7F76vwVbPx/5q7tGzxkZMuzYWI=":{"valueMac":{"type":"Buffer","data":"sNz9cZaQsU/x5tff+KOjvQsrWbcpPAqP5yR6GGc4pjU="}},"Y0cYXJgNQ8nN0UUJnT0WycP0U4h4Ica0B3LNoR3Cts4=":{"valueMac":{"type":"Buffer","data":"6U0/rTfH5nYir8F8b8R2aUo17DFkB6uB/d3pPA+E+DY="}},"Y2/3A+XlYZ6KQKIq8xdU2SAiGJOm9DWpEvtKJJJezPI=":{"valueMac":{"type":"Buffer","data":"79jcajBDw9Nz9sxZgNCOfbyxCmX1QZ2P0rmUY9bh+nw="}},"Y6QxM/NEJ/p2MSQCTQrm0hzIHB5GA/ETOGQDuQk3IIo=":{"valueMac":{"type":"Buffer","data":"y4TSzP5xB1VOL66w4oC2HOiFm64TJVoAv/dKXe2nays="}},"ZQxhkkY0ZDQfyJD5XBTH2zTdZ5IcbExUO840pOBIuBU=":{"valueMac":{"type":"Buffer","data":"OguIda6zCwVV4z5cmmTgs+hZy4y3aOHf4CFsk5u0xuI="}},"ZS9ix8V0WfPd4loEX0nATVma8t5spxW8+lyUzqWII3Y=":{"valueMac":{"type":"Buffer","data":"j6bC35ROItziTCJHXn7dLXfiXDocj7akmze4qIll3xU="}},"ZcogQSOPo5BEG02PnLH0/K7dv31bD7lpeHA6773E6nQ=":{"valueMac":{"type":"Buffer","data":"otbtf/RVcJHY9UbuvLkAkLJYs0rEKKnabeHk4hRNnDo="}},"ZesdwvOw6GY0tvmEwkI9/K50s0oge2LG5kEAfWkuubc=":{"valueMac":{"type":"Buffer","data":"/ECdFHmkB1ym/mMQ/UjPFZrZH7QwqAPeNXO50FGxNXw="}},"ZqtYxr6xg/5K7BuOpPLOsS/Pq8TUgK1Q9BdglTuBBes=":{"valueMac":{"type":"Buffer","data":"p1xvrIC4HnQduVy333Uq3XOJuAykusrcsFZ6dYdwpiw="}},"Z+oSl3GrLYHQgS+lsmEigZ3/MrZ66kELI4D7WslHqGE=":{"valueMac":{"type":"Buffer","data":"GvvohUkExVS1o3OI55bp9LOvaezTVvBnnRfZ8lkFKIQ="}},"ab2efwI34hcAg4lrz0AGfOyKx9qgHkE6DLzwY0rQzEg=":{"valueMac":{"type":"Buffer","data":"f5wTGJ6GLUJ626rR9bMC55LIWkaCE1vtzmVlb8hbhJU="}},"aph3oAhArfAfKwDjZx+ZTO4XhMvtyu6VoLboNq+CMsg=":{"valueMac":{"type":"Buffer","data":"EdAANnlubqfnB/Tf0KT7z7SnGkGTrWWCld78+Pqu7Ac="}},"a3uLVpDq6kHFloM5fObbZsVkS4KiXZE5Xcp2S1Un9KQ=":{"valueMac":{"type":"Buffer","data":"PcQSCeVclMJadmV6UmQU4DGHi/rhGzUw1rNHXRYtwMw="}},"a6oLE9ddtCT+Hr9VoPJz5RyVsYx5ter73MPM4A0iIWw=":{"valueMac":{"type":"Buffer","data":"J9zPTR93c05dKD8V7Z51ffzp+7zxU+OGMoFpwTiTTXY="}},"bBnkU6yef8ycVKXXHkcBslLN0jRl433ziqsbHNNiA/w=":{"valueMac":{"type":"Buffer","data":"BgWtvhdEajextdLlEYGQulZ68SBQeukgbEQ6g4XnhaE="}},"bHlhaJtvqHuOSzLaNVB350rU+2ehivlKFQbDGwlK1TE=":{"valueMac":{"type":"Buffer","data":"BWn+B8BuJsgiBK1q9o6e6DBIvhWg3ZaJaG+uvMl15SA="}},"cCZy+wCUoS6q4TrRypqw6Rde4jekLatOE+IWKEWTRbo=":{"valueMac":{"type":"Buffer","data":"qLw+VOyVNIW0gtQJL/WIFhiRuju/0AvK4s/ReYQZ0h4="}},"dH+HNuvPfUkfey6lgtx7dPVD58oYqKHt2Q5eBBcSvCs=":{"valueMac":{"type":"Buffer","data":"ZnE7zWX+kxU+hggBLxR03/TEIFgCAkopy8O6YGVtrg0="}},"duT/52G58ltiuzsPg50ARWqgszsHLP4z4GoqNnWaObA=":{"valueMac":{"type":"Buffer","data":"PrKsjBl9aeis+ip+w4KC6VFWlrr4/wjNfUxX8H2D3Zc="}},"d/obxzRdoXDUSdbIsJ0hiynsXgKHkoLzlpAg1Cl2LjA=":{"valueMac":{"type":"Buffer","data":"qaJmnlUyK/35KoPjl8dgHBUoJb9/+ctDykmKdgUAD7c="}},"ewp+R8/Z6dyrG6yxTHE0PKJkcLP8MvWJnZe/+bcHdGc=":{"valueMac":{"type":"Buffer","data":"Duo32Ei1Htmj/eAu9/oWY4rrxN91u5OoEd5BfATc4wo="}},"fGskm76kGhg+golh0M34hAV9sOBM5KHNk4Y6hlbaZfI=":{"valueMac":{"type":"Buffer","data":"1jGMepQ32Ij7J98jlpF0C+8XsvndsUYX2jYkJVnLZ+I="}},"fU8mBtj2yXYk97MkDHaJsiOUxYdDs7eXctW/v6XMDlI=":{"valueMac":{"type":"Buffer","data":"ymyO7i+KYIYQDCAe4Pt1LAD1gCpWllQ/ph7oQp81V5o="}},"fe6/anKskdonIDwEvWcXQ39Fr4jQ2vpG1LwxRsRvFys=":{"valueMac":{"type":"Buffer","data":"Cbu+cIHbdM50mQg5mjD88szdWL7OqD0wH5wd5baYJFk="}},"fwspJD3QA4VOuE6tUIdyAZl0jiw0+4sQALC1g/iVIqI=":{"valueMac":{"type":"Buffer","data":"jk/W3epND7jjp/EvJ2YuJx5EHElWeUZWKmT5jClhTRk="}},"gOH5pcTzMUAG27HlTOB2jMa/iPf0K7PXUQyQoowkuGw=":{"valueMac":{"type":"Buffer","data":"jNXTyKr9oNe4AOAaKGBooH801bht1XR5w6Zf553hym8="}},"glGmTIgsBJou1jyfZkWZpg5HkxndcRbtkF1bC2o1ziM=":{"valueMac":{"type":"Buffer","data":"tIvH+Nqp7z+ULHMSuzKwwE4pB7HjpkUb0d84/ZWRMs4="}},"g9cS7EpsedQmStVHsQm+YShyJV1zgBOMfAJ+FQQUM7E=":{"valueMac":{"type":"Buffer","data":"nsA9NGv+2Lv35dTmf6tEOJhZWXmYrYnmUY7ew6gVUxM="}},"hJC9/3nICa8ZUo3Gij3XMIvWITjIK/qotij8mCe7tGY=":{"valueMac":{"type":"Buffer","data":"po4wgZii3fNWR1HOMu9AygKVY+jxWCSH1l/Dtbur5uQ="}},"hbJTgSv1JChoX3pt3r7epp3FqY3zMY/I9QOUaqwmEGo=":{"valueMac":{"type":"Buffer","data":"LKqq0WN7pGdD0Bk6KYev2pnBmI9Ruy5Pzbwjh+UQcNw="}},"hhSylFVPRuvmavwZe0qc34LjFYbLvLaKM4lkWU/Ludg=":{"valueMac":{"type":"Buffer","data":"Ch3tG2hSZbUfQMvNdT1C1phn2mi4oyBTwQY8uNX2emo="}},"hrYj7GFmEjMROJ3en4l3sqiI1+uUdAP5LJqkYQnxWFs=":{"valueMac":{"type":"Buffer","data":"MXR/g29qnWkubWdUSo96x9MIuI9dWt+DKhs4XGv8l0g="}},"iTxCSLr2S5bFDaAO0lGbknyV0ZXyYB+h57F7tXX7VHM=":{"valueMac":{"type":"Buffer","data":"xFy1ZUx5iiNHTKY1ADvnbU8aY54sOhokNE4FavJDC8o="}},"ibBkl+c8Or4ueHUliAykV4b3KtJ4rXNE5691CyNrRnM=":{"valueMac":{"type":"Buffer","data":"2823znLcsUd/2OtDU1UU1qdYA/JONDjfQEBbs6uUpXU="}},"irFxy3Zcbrn6e+cLmMxp99W85tg/+1xzve/j1DzH8m4=":{"valueMac":{"type":"Buffer","data":"17xnUyiByzue2OzPSyTeLqMLFkqBO3rCrqhn2V2XmmE="}},"i7Q4DW5zl9hR4flkYSs8BMVFmQgkQqQMESnWCkuV4RY=":{"valueMac":{"type":"Buffer","data":"+LGfluqRDZN+hyO7EldUJsYlL92rwEjWpaSrIVvpW+k="}},"i+NiABbpyR6/Iqjp9+KuSEC5squCOJ1yL+z1q0T/TOw=":{"valueMac":{"type":"Buffer","data":"GN7vOFdBboIK0RdniLpG8mNNyn2xk/kdpiWXc7Wpvz0="}},"jBV+SSReRUT4EbNT66sWWNKmB0GO2ofYHZKf87V9uSw=":{"valueMac":{"type":"Buffer","data":"OQWagmYV7DxuqiidVbdlRE/h0WF9IGgZOplo05K0Acc="}},"jmDAx7xkLuCezt6tZ8STmTPkcOgHGEvFXVRKOl6+HkE=":{"valueMac":{"type":"Buffer","data":"mlsWl67HgmyRRv5c54g647msJN+ORWu42fPS8EpbYkg="}},"kN/MHbeI4nQDdzr40+GKtvrip+Qj9UyJXIQYxZLHatQ=":{"valueMac":{"type":"Buffer","data":"ZHo0YHeSoUZfOuYSROx8+0wUMJKO+5YpRnNKoMAUHSY="}},"kcBM3OkCrCC9VRzVcDBTUjLrSQfPrK80IJBNEV+2uhw=":{"valueMac":{"type":"Buffer","data":"Y0jtFZSOubULbHmrwT+q0ZrB8Vekr/mw1CJ9Zdg3ls8="}},"kdYbgrDZxgQoANRCbBdglYc3pF+TWzrtjgkoHTIUTvI=":{"valueMac":{"type":"Buffer","data":"JNlA7JqWdYNUfffGWSSglyUZdqmqNMUQMqa6T9JD7zw="}},"kfgM1FtIpusPoS4e0QO6DaPbawFkRPtbSl9hQ7WGRP4=":{"valueMac":{"type":"Buffer","data":"FCA5vXS5MzzURH7FGKFWDmKfwp21BXhstd7S02F3bOA="}},"lO1DNkOZUKz4R2yzWDPofvMcWz3eigwdBwVlmj/pUL4=":{"valueMac":{"type":"Buffer","data":"TjHAwvUABUdiY+C8yMcWwiELGRDm63NsUabHcMLqKx4="}},"laFPZ0yxSju3cUD9RA3p6muT4gioG0Um3Xs+ENxbyb4=":{"valueMac":{"type":"Buffer","data":"De6nI4rjXSsEVM7DmbXImDD8x5xUtpLHNCgEh/jnei4="}},"lceCnBWH7VW5sMsuCj/ybev8wVEkPxlHQD288d+DyR4=":{"valueMac":{"type":"Buffer","data":"AGsJ8m2X122wu9XZJIGgUTX6QXFXAePez+rAbtAZQBY="}},"l2XYonXpDLhCmsyhKocXQ9kJPqVPTwsn1DFITLzGiwg=":{"valueMac":{"type":"Buffer","data":"yQ8vf+BtlmS0FFUbbYGn2USke9eX4cwtbtLQbuRRcTk="}},"l+mKRb+j/SWZZudNNd429RRV8c5SGrJw06EnmneksnQ=":{"valueMac":{"type":"Buffer","data":"VHaq6zhRNGwzS4y/AZmkDxNO2ZP1mQjtxgMJAlZNBs8="}},"mRzIG+Fbd8DgH7K8kCWXA6ktzO1c/5bEqCoD97kjXWs=":{"valueMac":{"type":"Buffer","data":"m9gurN6i1aN5CnmDD7L8FciHF9Zhxks7dNBMETpRP34="}},"mYkpnOHGsCCrJ/6Yv5kEvJW/o0tZbmw08NRUZ/lbHSk=":{"valueMac":{"type":"Buffer","data":"GhIWEaavWdA1r2bKc6tFMpGTpB0lVSvcF86aIjFag3I="}},"mjAAFo3IDRP+8r2DoyUliJtdbXaF84qTcJZI/0DvjsA=":{"valueMac":{"type":"Buffer","data":"wFdsNIdufIvmRClIfhSy0RPQrndT229LyBelmkkLsaM="}},"mtSU+ymJU1tT8LXg7BrAHe9+lZpJhsCPQyDarcf71A0=":{"valueMac":{"type":"Buffer","data":"tFFDv5WCw+81brBpli7OQkMf7ba3giD8iuKjj7OUJ34="}},"m0813lrUuzl/i4r2Bx3z0fQYw//zUQsLqRqzE+TxMQY=":{"valueMac":{"type":"Buffer","data":"DG1Ggyq2jMjkjDs4K3SMOLOO+4L02TWdk1DmwWk0H08="}},"npVJoJxWLvMlpC+PjskwBbDso/XfBOa848LoeFuN0YQ=":{"valueMac":{"type":"Buffer","data":"Vkq+bD8RQGMQ8IarkbVShH6nfauflFM2yP7rCWVVKcA="}},"n7cZZcqpQ1ts2TvhsSuIddxLMyrsoNY9d+x0Fgv8qo0=":{"valueMac":{"type":"Buffer","data":"iijV4LSXP/jtYsJ7gt32i09qnqID9HdMswOOTolNmSU="}},"oIBFaLuiaF/XFGlFrw7lytprTqh1FX4bTh8V1dqovw0=":{"valueMac":{"type":"Buffer","data":"L8UYDwfEzx6FAvs4n9erXlpz8sx3DP1iJiH7Pe7+w08="}},"oPg0GKUUZQujM9LN+o1XpfOZk1N28sxQeidFwEYXz+A=":{"valueMac":{"type":"Buffer","data":"hnb8+jhoezHgWscbAuIPrbMWIz1sfv1d0C32w2/ijHk="}},"oYx5i6Kl2JtDlOXvgIYakg2KqI6NphVAEUd6+4BaKLU=":{"valueMac":{"type":"Buffer","data":"Z4Utx1Xn1U+JEigClFCZpNC/59CoDGOYHUKRUgu5JbA="}},"omYRWZUySsCgWq6X8h6BuGkyQRTmn2P9rQX6HJaBFLI=":{"valueMac":{"type":"Buffer","data":"LaWIaxZI4o05i9Jx02sV9ORjtgRfmhPszUNZV2Xyjxs="}},"pK95w+0vDLF2masnb8WbNeQxOp4vRm4CWjSi1gy91eI=":{"valueMac":{"type":"Buffer","data":"NdObIyRFbnIphNrvy6NPKR4aQlqEyqN68IHyBFM5BvM="}},"pe6gJc4W7OrfyqNWPP4VTxKgmNpvjq/6y/RbV5HhXRA=":{"valueMac":{"type":"Buffer","data":"2CY0iPJFPkpE2sq+lBIbplIBs7GJRuje1pnicRO1OzM="}},"pjxiA5A9n/d9HqAT0O6WKYEniH9eTHiYvQHwGf7pgKc=":{"valueMac":{"type":"Buffer","data":"JqIKK6S0KicEKVb/r8JnhhmnoWAK1ATKtms99L0og9A="}},"p1vsUfzKxOYlud9eSUk1tfJoUN0K26q65wjZDKcQLpU=":{"valueMac":{"type":"Buffer","data":"NKj4VDTFtpfvBfRkMrS3FzGHImVEFcnjwEHT77VQrFs="}},"p/aRoRC2Y9iFTpdH5xIiIY0BRc6QcJhRNQ/y1xUU1BY=":{"valueMac":{"type":"Buffer","data":"ePxRnsrj0GHrs4TIJX3X3v+YZv+JIuOGUbuwk+KRFYQ="}},"qWYSVTjumIv+tAImz/VNfOT5V4JYigPxzDqHDwJjPJM=":{"valueMac":{"type":"Buffer","data":"Hi+poAvu3yql6HKui4hzn6Ozaa2B11ggB6B3BflwUfk="}},"qbtb8t1DhCMj8hDSRIpAUY8dmqNznfFVtreOff8tnuc=":{"valueMac":{"type":"Buffer","data":"fd+7NzZdD6sqVpXeuEOipJZ9Rpa6+x+WyKquOG0Didg="}},"qzyiT8pxcxlyh7XRcoQmIgjqfqJBCy9S/ssYM4MEjp8=":{"valueMac":{"type":"Buffer","data":"gaBLaLWYIT0kigy1bQ6CKtWfx0W9gegpo6VvXcgo6Lg="}},"rcVRjoAAZScPKOWO/n9kUCXvZhcogFLgB88HtVKOpmo=":{"valueMac":{"type":"Buffer","data":"YDSpvi8lMzD1YvA1cv8uI9uaI40ooteigFaAFg3q8Rs="}},"rkRZvQBIJahGR7MuegAOyDvhmvhoG5EkcSyL3oFJ28U=":{"valueMac":{"type":"Buffer","data":"zy7C3ctawwn0vECVhd5KrDFC0yu5I4vL559jsN058Qs="}},"ruSHRT/Ew2SpDOyZckA2I+NhgYGWKcGJC3Ux3eBMBPw=":{"valueMac":{"type":"Buffer","data":"5QjTaptRqI6ujEC6ZrvWrc8i6BSq4LVJg/2+efbagNY="}},"ru8HAkEZXOu7mVHb3SoXAR4dBdgYjWpYxBdqLbfLLQ4=":{"valueMac":{"type":"Buffer","data":"0joFEqiJTU8QD+JqXMCYwEfkcdY+OUVN0UUh/8SzPXE="}},"r7En8vnDw36FKwbT1QC48M+Gzb+x/yE9GtGO6InJ96E=":{"valueMac":{"type":"Buffer","data":"YwgaCH1LMCM0c2utPXmeJDqGpfUMgriS/JsANYUyWfo="}},"sufzA7eca0MgkECQ0BjLw+gnq94vdDWey7XIMQQ2+jM=":{"valueMac":{"type":"Buffer","data":"a+xBoM2S5G1dDIecn2KVrPYIEU+XX9H2S4/IsFgt1EE="}},"tInoYFRm5olaVe0BQxUewQnapNax1VKpmEulGJWncGI=":{"valueMac":{"type":"Buffer","data":"rSiUmzWz30aaXDOB/4uSRwu8yAZBMMqp0RUD3+tlRj8="}},"tZSCqvKWSlITbua1bjkfQtagmGY8SsBProxi3oDovgs=":{"valueMac":{"type":"Buffer","data":"hkkofJlcum0aD9n5xRcjGzKC1hXAa2eWwd7xRdEVau0="}},"tkvLb8x0aIlKeW3YSULMTQfZzgBYWtQDrOYCMkQlNV0=":{"valueMac":{"type":"Buffer","data":"QZ8ecbyNkuuKI21zfwwxSQEa6QgCqzOI+qa1f6YzWuE="}},"tshBKXn1ApbE6Cr3t1t8kksVAr/rPBp1ZfvTWRxkioU=":{"valueMac":{"type":"Buffer","data":"O9PtzP9uTRyBk/ttyZkngJxR+oVPkcdmKC4CC9889s4="}},"uNKKTEGi3R8s4v0ZDYN+me4odFKQHaJ38eOavCFUvlQ=":{"valueMac":{"type":"Buffer","data":"oE1+fF7cjq+NyGE5OdVmXOaMlMLfWaplFLOr/vEzkXQ="}},"uSqEd0QkDd4vYrveEeoccFtjUDB9h0gyHhsQMAD+X2A=":{"valueMac":{"type":"Buffer","data":"z7zkB0WXCYfNOgUL6HOv7QhjZ7DOoHw8X42b3D3GT3I="}},"ug0M9oZbkKJfKWBDhq+2ZTcBRHQZZ/ZIL8bU8uI0/PI=":{"valueMac":{"type":"Buffer","data":"XTU9yn1AyRS0DVDLM/NFJxBPsZ83qNH9gj/tvXohK/A="}},"upUkCx8xPuHZ0aRF8Lp16VJPFRn6TtKjqv0Wu7i37Hc=":{"valueMac":{"type":"Buffer","data":"q+yPmu7vFy9wgL3+WFml2sMNX2eosoPslZhcQUmuh7g="}},"ux0puly5OSFt01675+95xervGAAvgpN6oX7y6pmApMY=":{"valueMac":{"type":"Buffer","data":"QuAa67P/T7SRYYEDil3O7MGOALkhfhwYwp9HQIjGBXc="}},"vDygyQS3W8+XhZg/h8bDrO03gr+zElwuTgxuDLI2Dho=":{"valueMac":{"type":"Buffer","data":"k+Qqg1/8p2UNhdskkiCShQYOzlPXS5raS2rso+Gycto="}},"vMHNskt5nWcTIixsxvWfy3Sa+JfLxOp30UdTKClcvYs=":{"valueMac":{"type":"Buffer","data":"k0lauaYci3PPwjauPXwYEAQwA/whzc2JwPfyQzNrwWY="}},"vZT4EcQr9LnvURUDA1n5bwayrqg5+qZ8xA14yGtc9kg=":{"valueMac":{"type":"Buffer","data":"Q2dB3yDyD7wXNWDgwFip5DyOIMUvsdO49eNeIk9AfEo="}},"vZ6PniRdNq/RxGfhPOT4CSU2ZS4xiwDG3+HP7g9Hw1I=":{"valueMac":{"type":"Buffer","data":"TOAry5Xm+Q8Zl4Pa6gIDahWROOKM4uTfvhljmK+k+M8="}},"vf7BKvNNZzgJHTGaeR6Wt54N7efM4xW0mv5kOXnfxCU=":{"valueMac":{"type":"Buffer","data":"SqtPaumnkzWXxQi81uTnTyXyuYBsed1HPpW0Ga/BvR4="}},"vmaoCE59FJNxR8FOjaBpAGyNZ6Qd484fHQaw8ST5QH8=":{"valueMac":{"type":"Buffer","data":"sUnPxYBc6EfMSg9Pz0UnxCbXWYpGXaGhJC9kvuRvS3A="}},"vosW+ufjkQK+JIxowGlq8Eg7DZQaRd+VjttuLJCL5G0=":{"valueMac":{"type":"Buffer","data":"CD8jHY6ffVQJstNooyTD6BOM59gPFOhsjhX4n88mXcc="}},"wDCS692+d0oROFXhnHFoVQ5jnSL5B1BD/+JXsEYZ27Y=":{"valueMac":{"type":"Buffer","data":"b6rL+zi0IysAaL537yVdZ9DMLisci+Q6KyFCuqQMdMg="}},"wOatuZGwVyUFUQ0NS7lb4CvaVPL0WMekIC7ML9IGBWI=":{"valueMac":{"type":"Buffer","data":"hz53Re32wMWThKhKJi6CxPvFQpMJEWjJxC2myp5RTvA="}},"xPVqNiOucyrkZEu+psEVqTUph1ewrVlnIkOhD1wYtN8=":{"valueMac":{"type":"Buffer","data":"kzDazWHktntEcQNUHD2x1+kFjVdyFv3M1QBnCofFbRw="}},"y9QEVKg8wmszvq8vvYwdi01YWYIDL1wIoOzGsII3k+4=":{"valueMac":{"type":"Buffer","data":"2rHV1KHezIEB2AT6ISF0GdcvsqVwvmjSmeY5dDVqMYk="}},"y/Ev1Z2ZZ4D1mcnOxxulIByERx2IOZuh7/F4RLxHZyQ=":{"valueMac":{"type":"Buffer","data":"Fa7srsildqDoGy0cQIzoxiYVF5k3raURxxBwnTqcIUg="}},"zLdWwe7U1cJ1IwFCsaYQZ5luoJqJGRV8GZZABuq0Nbs=":{"valueMac":{"type":"Buffer","data":"rfcVwRrkv2MIpn0B3shEX7X0fip1kd+chq5igOUPnu8="}},"z5ltC/eyYTxcNH0xakw3czhHEa4CxE7I9P6QNwqnaak=":{"valueMac":{"type":"Buffer","data":"znb1Z0uBrL8SjJD71Uv1DQLfVZbflothb+bwOCiFaJc="}},"0Wm2hh212iJQHe1OsqnBOwZ1wZmNUzC1c58lYxrti/c=":{"valueMac":{"type":"Buffer","data":"HRL1H7oNlO7kRB7uRK38JGXCV77qe/q+XMPqqQYPt/8="}},"0wdY5KzcnmVwRBZuLFRfJECmoJEXykpob4LA09rBLy4=":{"valueMac":{"type":"Buffer","data":"eHMF1sEgp4nJXPCRbws+YYTyT/G06BTb9cnwWVVQ/hw="}},"1jgnhLkBFkZ6LVUGHfCnz/WdwDADPtb6n5RFUakWcbQ=":{"valueMac":{"type":"Buffer","data":"khd83PTwwqFtUBViGDhKk1rgn4kpDJUzx1S7hrH28+c="}},"11EbrMz/E9H9bFeaj7gqF4SlEiRnS1iKfFUZoKiM9t0=":{"valueMac":{"type":"Buffer","data":"IiEV1kVikLO3Zs3s93EEYCjRRRWZKYxpA/4R4uLlTcI="}},"11lmqTFcCchQNTldiSTXt+LNRUp0YNljDBc3hH7RTXU=":{"valueMac":{"type":"Buffer","data":"73e/BZhqq9Z+PmWRqqoW+LMSdah9kr7GijS+AU+RSJU="}},"2QKKrqWUqtA/gjIfNo6UrRZbUP2kkeX8wRzUiutJmLU=":{"valueMac":{"type":"Buffer","data":"cHG40gV5+VeIyayPfO5NWglOL5pnQtBIOKJjKZGpoBQ="}},"2YrD1i9XXuvhP23HSkyCSvx+wDZPoIm8ZUuWHPJobc4=":{"valueMac":{"type":"Buffer","data":"K7DLfUslMqHQWI/kvlLH2HKIV0MJHwf+7UPKf3VcU48="}},"2ZuSd73xreTJAvRTdFvKxUpgpIuKPLCRaqDBzLocvf0=":{"valueMac":{"type":"Buffer","data":"VgUml92GXJw0kkfTNO1mftmYbjACZNF15XxflD9KiXo="}},"3SU5OXYjAqzs4DWEd6hO5RC8R0gJDR1Lbpvo4d3gZLs=":{"valueMac":{"type":"Buffer","data":"SlikgZnbAIA5z7N5dc/qb9A6L0Yd0up+IN0nIjOPbkc="}},"3TRjGu01+1hroyaWYemscJe/UCxZ4TmP7SypYbbGgkI=":{"valueMac":{"type":"Buffer","data":"77H/SjfL0hx/Gto6wki5K/6jbyf53YTFHgbU6xuWaZo="}},"3TlTA1vddfo4JDl1zpGRfFi109tnMXxJK9rZHlIu5kM=":{"valueMac":{"type":"Buffer","data":"jVDawI1CnC2unKO++saSPEkUSV0GqjpOp+5mmF6SzHs="}},"4TGcMFyWVJnZfQpkXC9RFVhUaNGFR2HTkwfQW20kOJE=":{"valueMac":{"type":"Buffer","data":"YrRY9nFex6EIHoxv3OyLoFRq1XmXIUo44d4OK3TsUHI="}},"45loHaro8AcEDG49goTRCeKjT85KqKIo3duXJC2pEm4=":{"valueMac":{"type":"Buffer","data":"oYmH+8kSG/RzaZUHBWIHoI0Lf1MzeRHQUVzN9SStn4E="}},"5mbOEn8WzskQGxLaicxJZiRTBTK7v7sFHU8qy2xUf2U=":{"valueMac":{"type":"Buffer","data":"9/b1PZogvrVAK26aToSgqhcHCquul4Odr3LUPVpx+Y4="}},"53fkwtyIa4fNA2PF4wfSSRUEXwrd2Q8C2QQJBOwYPk8=":{"valueMac":{"type":"Buffer","data":"NWtPeJ0TwNfed+O0leMPHEogKDIcTBYR/jF+hywwhFE="}},"54VMjzxzgFSMtAojd5gB+FTNat7SLBSxjaJxpaQR5ts=":{"valueMac":{"type":"Buffer","data":"WFO0iNdpo45feCp7QYW4RXN2IoUmDmU5OuNZ6YdRio8="}},"5/ITR5dJ/U4I0oCo+ybzIPfp3S8zzk/XikD55noB4C4=":{"valueMac":{"type":"Buffer","data":"lD6q0sGglylUqROZDIvzVQOAnsZ3On3edxGmOirmfIc="}},"6gX7EvfHyWl46wuthqHxoav0TttLD02uD/JtFd8ZUUw=":{"valueMac":{"type":"Buffer","data":"7HqNclPHcrsfI6JjkjWJmsf1WouktXxEvmhycL1iyI8="}},"6n531hk9eqCJY4rOlyKVMZUiMj+6DtrJgeWpDvB2ngs=":{"valueMac":{"type":"Buffer","data":"wDQUAfGkfqmA/Vkx5lyDGjU2At1vE4rtl+6OfqSIxZk="}},"7SbPigoMSntiQjvHBJ3BlNAsrh5eQhwMZP/IfewEdBA=":{"valueMac":{"type":"Buffer","data":"/BzTqHFPIj+HsJJs4866twCTfTwCaM2cwTY9f+VR+oE="}},"8R8p8M7eZF2OftoB5XjY3Jq/bmctvFL5qP95UJ068Uo=":{"valueMac":{"type":"Buffer","data":"iqcypxm2shh5rTVJYCjAndZBSshLRKRC2RhlZldXBcs="}},"8XjE+C8ats699B2aiQ0pl9xkpgZJ77vVtrovzvQWLJY=":{"valueMac":{"type":"Buffer","data":"Xrr2/hdapHN4eKkUvUdDW39pv3HPB6PBCFK2cnSEv4s="}},"80y0J6c89/mZkL987u8zobJ4TugVNGqukpyzcmJvU9I=":{"valueMac":{"type":"Buffer","data":"mD3V7bYVlfWBmHYsi1iMvgu7VKWT2/g0U/DAceoJ+2k="}},"88htDkUsRUoOWfA2mC81F2wyyakQu1rHWnqqFkdGqZA=":{"valueMac":{"type":"Buffer","data":"v0jX9wfGEy/n/oJIIWAAZuOqRu4M0hiBvIckOtB5xoA="}},"9Ia15i1UUcsJbemGp+B+IPafJ54k5dRVlUqL1ekU3ZE=":{"valueMac":{"type":"Buffer","data":"nWWuRoiGrAKJEMNFzGY0vVTSMg3vI36oidLl2Spk0G4="}},"9JEmmjfeklIsMaBVKATy1nAkXcG1c83B0YpVf8cYohU=":{"valueMac":{"type":"Buffer","data":"n37mOvG27gPJRcFqwfZ8IzmM+fMALxfehrEcLfEbZJs="}},"9NFQiChoPFCXhHBil9fvQnp0iy9maln9+eWXnyLt5QU=":{"valueMac":{"type":"Buffer","data":"1mAtLJyIbOeAYuazooVlUI5tAVyFoSuNKkTpI5MmdYE="}},"+QHRUfTlOpZU60tySGF7ylBaqmbxSEUQXtZsoilhQgo=":{"valueMac":{"type":"Buffer","data":"4+WThTohqXSWtmlJRiRopuJcvQebercm7YHblrQPzLM="}},"+tZTFOQ3/J9JjsSMr24clJIAcGUaWpQgZG+m2Qa7L8A=":{"valueMac":{"type":"Buffer","data":"cihG76A4StqLvM5Z3EH+/NBkf5Cz1BR830T0P8d1Z2E="}},"/I8iiD09HCuou88D/hvYumhrOCx/5R+B2Tuix/OTuzE=":{"valueMac":{"type":"Buffer","data":"QUAcs2bH5TCyYGzzGatVJ5Z8YqCFh/Zaua0XHZKqhtA="}},"/PIsQUEeOkA/toSRyC9uiF9fAPa9Dyra1GfsGYLA1po=":{"valueMac":{"type":"Buffer","data":"9gKHnAOKG64ARqDeFuOdzHM3q8aZmJfCjVw0Hgh7I5k="}},"/6fMk322gdWkGNJIyi9Y3+hWXMfdKZbFlZR53HPXr1s=":{"valueMac":{"type":"Buffer","data":"RPaUkBdCofd7HrRpXbS06iJ4Jz0z0W/E8sU74mjbpmw="}},"BcJFZK3Ef6GcUuuFl5gKHZS81JKYS+lSe0lp+Niv8Ak=":{"valueMac":{"type":"Buffer","data":"X2tcigPiReUaxFydVM2hdkDaXNdY+lEmUS8POUkV4pg="}},"sc/vj1vbbR3MeIr9xZJEP4yOdh4wykSSotZCm7j29NQ=":{"valueMac":{"type":"Buffer","data":"NHTyFF5S4Cy9LaW3kH5PEWWoLyZsNBah2E5Vpu5ECNg="}},"RkDqTiGW1LaqkgC5+Pn8vyvAoLCaapcBbqLSYGLyqVs=":{"valueMac":{"type":"Buffer","data":"fOgB1p/6zg6r2hEcufVabsVhHLLIUKzBCdeo/0Cl0og="}},"iz3oBizhiIqOYI+oGd048/TLjmPmWiY3orl2KTiGRB4=":{"valueMac":{"type":"Buffer","data":"QPgZcghb8gniKBHloPR5yoLWJcoUbs/oHCguim1uvGA="}},"Kwsd0i5r6VnZVVEyQDirkKoe5Kgor4y+WS9mnv5bahY=":{"valueMac":{"type":"Buffer","data":"iCEsCgVIukDheHeuVeEdrnt+MIJWUJtBVGvTsDCSm38="}},"0YiwSCmxzPY4Jrr/7xsLCISWJI+2u0qCmSCOyDnWqtk=":{"valueMac":{"type":"Buffer","data":"YkxWx4DEfx+kVMntKjBjTMFUA5QV/w7lZTRNHXzgkGk="}},"p0jOeNMTlyEzx7AHZvxvSarAmeOMHgZaEwJPkTV6584=":{"valueMac":{"type":"Buffer","data":"U3LtUJY2tlj9PulRLxMcMZz4SFRQxPOrc/H5SFQRtO8="}},"fdy3TFLDvrrQ6aEKQCd+m2MvlU0ojxewo4VBDpXzSVs=":{"valueMac":{"type":"Buffer","data":"H1xmF6pLqZGaxcz32Kf2vPMG4wJrU51kvmuJm4RXqKg="}},"Fb6w7eNBNaPwwQTwTcfVdmqSTjmkFsmCvSNd4mRIPSs=":{"valueMac":{"type":"Buffer","data":"LdhkAupDwsq2fV+IGSNRnvB4K0QLORNGj1JHrtSrwYo="}},"P3+fhU7v83hC3MeifX61QMQXGG6tE7ylNi5ERk6UIYA=":{"valueMac":{"type":"Buffer","data":"TKpbr9AAWhkT/xI87hUdiQak2qpwLOM0EdIWQt7VngQ="}},"ZioVmb4LyJLKMOovykutRtmOePMSnVadaBqhzTkhIk8=":{"valueMac":{"type":"Buffer","data":"wYHol2H89r9bZfreBdneMzE3xemMCw4nar9/6R75f2A="}},"ug/aqrmF9B0IGlRnNQ2/xuxq+QjDi+P1K0zpab6jq2Y=":{"valueMac":{"type":"Buffer","data":"/vximK8asPFPZepZxNAZfIZGNRabFP+RV2+i6/2ffW0="}}}}