{"version":52,"hash":{"type":"Buffer","data":"qAZvJYU2aCawl9fquTkNFjxWgDUjc4LyXj1nXfYhsvkI210VQkXJK/LVVqJ+LIkbceYvmL4g4pqm0ZstMwfZlNIv5KO2qZ0UlxUveZtYSNZROCF+uD2wV3zfrN8W0XMOuUkOLa7m2quyl4vaV8v4NzTE4Dj8vaPDohuyQ+PA3JY="},"indexValueMap":{"ACUkf/NUDMyRN8zsLx7SAZmKJRz7p6XmmSCQ8YGyx7Y=":{"valueMac":{"type":"Buffer","data":"psv1xG1zyLb7qvZekSp+IhojtOB2VbY7HEvmmuvdbsY="}},"BE8dYCcnugWFrqBe3ysOm4J56Ijt05IJ+pqd47mTseM=":{"valueMac":{"type":"Buffer","data":"BOQzQvb5tp4SWt3kHZrmX5mxuNKmjoTcxCsfcmFsquY="}},"BRnCQTOWU3lkoaFyWBJ/c3Mc8GFg2Jsa3pcUqP52ZSM=":{"valueMac":{"type":"Buffer","data":"Qb4GzVihs4JDDMw1pRWDXEp2Vw4SJisfqwZshTpHdbc="}},"BTRd5xmmGsgKcrz4o+VWfWcTmIfOlJiNhzBiaTae9Zc=":{"valueMac":{"type":"Buffer","data":"SzyZZ3OuM7G7YUT/UpRycSygdDrDTgYWFrBdf+9F0TY="}},"Bb8zEBQy0SewKhUIOVu24ADSrl1OdIaQgcGzoCanq0w=":{"valueMac":{"type":"Buffer","data":"r8u8ZMcZSLIY4yUtXWygN5jOx9MlgdJ6EnDYevSWAis="}},"BwTZVlrPqxqJkFW3BcxRIfnRRR2+k0AqUmkuVBwcct4=":{"valueMac":{"type":"Buffer","data":"5kcNks3GTJlFe/AHVDjjRn/26Lp9hDY77UU7Q+LhF4o="}},"C1Il8rRAqsV6qJAxhBuHUJ4kW7bCYeTSZcamIX8GxdU=":{"valueMac":{"type":"Buffer","data":"CLzSUYk/Z/nwrG9NJ7pCDNJaVBE87PhmRe9gj7XDNSQ="}},"DXJmkEB+JBWqdG3hlIvn8vGUaMRizy8u/coUsT4jIQk=":{"valueMac":{"type":"Buffer","data":"xsCDIbqM8jeNAhkNlUa8S9eGi3NgWE2Mt8ichPq8hf4="}},"DqqLNOI5wEuQnH2frFHLB32OqGXADre63i4rqbIcPdY=":{"valueMac":{"type":"Buffer","data":"TSqmw3tMOXj+7w9ruTNKYWV4d6c/ZfZNK2QkDAwnCCQ="}},"Ds/WdD83uBX/mYMewXPzVmjtoq+6PUTnO8xUqP1zrjk=":{"valueMac":{"type":"Buffer","data":"GE89EwwSwpPdGpz8CsSUHBkMCwk95h+AloUTcRvuRnY="}},"D0z2mAMqXBP+QBy6FOxK3WwdCEsQee7zc5oNw1kljz4=":{"valueMac":{"type":"Buffer","data":"/oWC5Z2ZdUH2iPJDF0Lph6Ed9xTG1560LmKT1MrEDMY="}},"EaHOsE9EqcooeRR/w8AwyeP7zZsdXZJE1PPwfNGXKO0=":{"valueMac":{"type":"Buffer","data":"Mas1953L+XJDjqU5yETO3fIPsOq2OBkgXTI+QzWHQ7c="}},"Ft4r2WvFl+1ArLoW4y52iHPNGlqIiDtGTOwLvQT6Vho=":{"valueMac":{"type":"Buffer","data":"TJ3F64WnAEvGaXdStvPQrLOHYP+NZXaLuviaPdNpjuQ="}},"HwxkT5jLKcqC0VbCA0kavhlwFkBPvgpIH3hUUMUcds4=":{"valueMac":{"type":"Buffer","data":"n13ZPwlgB7z2ZpGjz7yxiKuDixieXtdLkHNwdwSgzwk="}},"H8fdTi6DuELX+gmtRX/tMgxHWmULvTBdXXKGmkuciCM=":{"valueMac":{"type":"Buffer","data":"1YR58NpaB4YcGJsKRy1thzwC0hQ0b77pf7S0n/dOM7I="}},"IKXFpoNCqaLWAz32AIU3YfKM9pVfFLSPeK1O/d2svMw=":{"valueMac":{"type":"Buffer","data":"6PX8pJ0ZDEEoNIez2giMhBVK3elhkTNWtGCtwsbNmHA="}},"IVyzxzXjskrjNqWPYqpjTwgxQSt6+GuqLIpaOpcshSQ=":{"valueMac":{"type":"Buffer","data":"PXJB8R463V2tf86ozTDXPTcY2Ern6L5y6BsvhLbbAkQ="}},"IqLWJ5m8XkV7SLnyCNqiD+EIb23JPxZwnKJqghlkqs8=":{"valueMac":{"type":"Buffer","data":"LmlRQydafIAnY/ElFxo+iOr8xfDHzDJ+bBgeFYQlC0Q="}},"Iqln3Spcm7bG1DBK40c0V+sn8B2Semg3B+zBWhGGvws=":{"valueMac":{"type":"Buffer","data":"gsEpZzrjBm28ptBSIipJWEsQPlioAzkIJxkLOnMtoEU="}},"JufU9AlVzAg8uW7caqhcPEQVypPKa0/Ul0TbQUgvKsQ=":{"valueMac":{"type":"Buffer","data":"C0b1L4IKP/m5E6CIXVu+7FgwI/ozrwfqMIOjUsOBEn4="}},"J9MOS90bhFL2pnW4gR3ls5QZTLfqhFp9gRKO3+RsyBQ=":{"valueMac":{"type":"Buffer","data":"+QsAWLzQw/nZ4HjB0jiLUbErnZZNnlzQOO71HexN+cQ="}},"LlQtj/uMuC3FpyOhHdtSas2K6/f9n3PiNT98OWupXus=":{"valueMac":{"type":"Buffer","data":"9sJUtsZeSaY7+UDNK0cMVqqio6Dt2Nmpd5932hDZDto="}},"NwSDXSIXTf2yP0zdrmiE97LbIiaXMUzBmZ51nuQHbBo=":{"valueMac":{"type":"Buffer","data":"3cGnkfr4uvisTkKgxO5Ss6rEyHfSKD1aSeZww0D9CjQ="}},"N6TXbBL62Ha1zUdmmQrlotANCOMlimWE1T1T1Pa34ao=":{"valueMac":{"type":"Buffer","data":"B28ODh8tKiQ/7YM5eaMR8CzVAf/xVCBMTD3UO7TpyZc="}},"OKc7VapvYvrA8j9Lr07LUUBsTLfXvC1YC3579wFg+3Y=":{"valueMac":{"type":"Buffer","data":"twJWRu4Ruj8OcQRZJPUuIbXV9JduQqKySB1AVtzoJWY="}},"Ovt/C+Gs6QtbPG3vJkWxtaxCkzW81t6feQ9hAxTsqog=":{"valueMac":{"type":"Buffer","data":"lB2s/uQohORZdKda+wcOuxyb4j+Pg//06nEfWUR4ItU="}},"PGmsBec+3p2sluVyErjjVFSCNAWK1FYrGtfhT/+B2ME=":{"valueMac":{"type":"Buffer","data":"XyeDk4fpMakJCHIA0Gsg+AcqnPsimeKLtyLEPXQ063c="}},"PylwQpuBnVucQGdHyHkazAB1T5JeEjSjcw801XaKcy4=":{"valueMac":{"type":"Buffer","data":"CVt4BIQBrREp9u/N8UMnNecTtAN0D/yqDtcFAfsTft4="}},"P9LV9F8JSBkWRcs8YLEQZY0f+56XItc14Jj88nOjLq4=":{"valueMac":{"type":"Buffer","data":"X59U1pp5QMDVv0QpMUigWm6NIbHQ2tSHc5NaD198CsI="}},"RX54RwYPbzB8xxccFxJ02xaNtj9LAf+aW2Hqsp5aK9c=":{"valueMac":{"type":"Buffer","data":"+p5MLnNo2dbnzPwGXrts6QGFo5loREN0ScpKNXfSZrQ="}},"Rh2DDSkkGbG47Dj20YxGX3tkPd/z7kitALeZ0ek0G4w=":{"valueMac":{"type":"Buffer","data":"WBTR9ELXGSKPoZG5v3GDfsyuKppVqvE87esmLjuoCBk="}},"R//UtNlZ8OGsM9b+k9VFBcl2Lc6AJTEe2EChhIy5SH0=":{"valueMac":{"type":"Buffer","data":"XRJYIbXjqqAHGrdcPQKpDMlG8yQFxx99T6RxXWHfsjs="}},"TrXH1PlD41/OWANwt0c4PKiUkHwPph6l3V1cZ6YUQfc=":{"valueMac":{"type":"Buffer","data":"xKHeUO38rNoB7Q+T9NYgJJYsDjpEqNg5al4VvXh+7mg="}},"Tu0LRRwKOM+UU56NjD92FA1uYlmikQRNI+CUSolVwPY=":{"valueMac":{"type":"Buffer","data":"seOvKqsuiwnKmts6hG41zkIT4KbgMW6IDFMwkvgIaIo="}},"Tvp7b5uoFcAT8cxTbSUmqYaR0DNSU2KwO5y0lq8yFsc=":{"valueMac":{"type":"Buffer","data":"wlHqvlKxvoQ7jujWysI2pJcc6Z9myuM+f3vjT/+WPuw="}},"Ww6kJVoli+RnuKLZS6RUiFsyJIzGttN8O0bs52JK/tc=":{"valueMac":{"type":"Buffer","data":"/B6SoifCYuCuT/ChCNSZaXvfX5Rak9xFal/019VgzSU="}},"XZcGMdSaLbmDMa5x+pnk5dG6lzgOJFk2iwl5oaTCJMQ=":{"valueMac":{"type":"Buffer","data":"yIQvu+q86DtMQEYP1JheSSoiVtVaimztDmNyOBn73b0="}},"X2YBUmClNDacxe/J8fDIxmqAi6D5fBSW4ueUf6ishT4=":{"valueMac":{"type":"Buffer","data":"GQNXvaC1RJ6hQwsFrJ9u17CAc4gfiUk8X3Wxk2JbjnI="}},"YrhApnYBr1dPfUmTmJMsmdBv3y55a27oMI9DCkthqKs=":{"valueMac":{"type":"Buffer","data":"85Urw8+2hZGvS8ArVL3+zazo/zjNKVnHWGZQ20VJE58="}},"Y8/WI6ccrpGToT3BD1pvAqjp2MkwSMMZpJD5QgieSiI=":{"valueMac":{"type":"Buffer","data":"EjTZ8B2JQtJ52+/yv0tWH/SrkI5ZDs45eXz0vj25L7E="}},"ZNME3AW40pSxPBWkgFLUf5ToEfgZVEruUveMvmiL4LE=":{"valueMac":{"type":"Buffer","data":"XcCjxm4rUPfHxd4ByRix/MAh3ODCzWtPVh3obrexyPY="}},"ZPzDsSVJAWRAKqISx3XtKKnBZ8LxS9ZUH0T/DmEzsms=":{"valueMac":{"type":"Buffer","data":"5E7HwNFc52CGZpuEJjejWLZDHXlJozaoM6oQlTgVBPk="}},"ZY6E0ISlZKtcthfs1HE80BGWhFw2F45lEUZ1a9O1PeQ=":{"valueMac":{"type":"Buffer","data":"kXOZgFfLQTFWF2Isob5jtHonTf63093kKAwRgxqYn2g="}},"ZZIAxKZst6wewZsQ9NjTzACwetmaCc/KzFHeW0UV1kg=":{"valueMac":{"type":"Buffer","data":"QhPSdEhRuncZKmYb65WTPcwsk2Maxsgz4stuzzEnrfg="}},"aWXo5+4/BeTkOLUKeDadO8ea8PLtz9k+S6/FgxIUheo=":{"valueMac":{"type":"Buffer","data":"UH3HwAAuKYH4yJWXCqAGg+1pTfoG4fzJIkh8SgOC5m8="}},"a63sNzB5WMr57aHbckZaUr4jd+7j8KdA3fmbIO8a0U0=":{"valueMac":{"type":"Buffer","data":"Zv7a1Leyvac2QymDKRhaiicZSDC/Mfc8nrSlZAjbjlE="}},"a+TF7TlNWAI8yiHooHqOo2An1j5dtfdUnhH1IzWPVv0=":{"valueMac":{"type":"Buffer","data":"Ysa0AtP/JBXV5gKDWXEHenwKA6JLSxRO4WbfZmUihEA="}},"cAUskL0QAkSqxgYQQoA9ZCrLyv9C98yBozzlDoS+osU=":{"valueMac":{"type":"Buffer","data":"KpQWmSjN32wV+H5dhUPWyVf8oALE2bJPX9W0ylRRvMQ="}},"cSHcWa5q5fwF3N2HZx1Heb0ePcRls5b03LFWO9BWidU=":{"valueMac":{"type":"Buffer","data":"tKl5+RmDLOTUcQjeGxHbMZaFiSHOs1ZmF6ijFx8+4E8="}},"ceelefkl9d0QePsh04yHyu4Zj8QBO3saU8OizQ0K7NA=":{"valueMac":{"type":"Buffer","data":"pyvBs7fiEbfKxbenRSGrF68YjsTqGKJ55XO8Wtt/Fes="}},"djO/wQ4zM65uhyhLWLfX7xAQxhRBVKeY505v8eEmGIM=":{"valueMac":{"type":"Buffer","data":"odgYR++Umd8+OakbYxv4+loGJl3oKppPIgBhKuz2SoU="}},"d6VbPB85cm11Rv1hjHILUery/RWiK0QCW2dUya2lZxE=":{"valueMac":{"type":"Buffer","data":"1+fn2/82NAK0K0tond/LZsnSdMaMgr5Oremm1p09Mr8="}},"f0yiFtzmRN9tjq7RU6zjRfqtWdp/ixs2gKcYq/q7KPY=":{"valueMac":{"type":"Buffer","data":"Ht3uX9O1SpO3Z/m+eqCfJCBn2iMwdyGJZLOaIY7wqck="}},"gSt3vAIcPskDRLP6tyx0PA7aeu8WiWSCJO7V7Bcw5Dw=":{"valueMac":{"type":"Buffer","data":"UgoQQuTD4Gj4RzZjor94e0RM+wvEyrDx8eq30ycFBHY="}},"gs8u9rb1Fr19jenlBBZdz2aiBaPeZWU10X64NRZJrTY=":{"valueMac":{"type":"Buffer","data":"xJ+GclJ8GBbfbUQR34++l+Ycm7WhxwziKTDfn4u75GY="}},"h0bfnDOQBMTtFqpq5y6OcdBBZXs4xlQGMEmyQQ1riWY=":{"valueMac":{"type":"Buffer","data":"/QspEwd1zpwxW58SnAmv60aE3shf6o8YO4r+joi+kEk="}},"ihfLruv8tjZy0wtrCRF1gHx+pTdU8NDQq19+Kd5PWHE=":{"valueMac":{"type":"Buffer","data":"5F7tXB5wpDp5dSdEzQc0YQ17g+7C1VlRyFw7k3TjnAo="}},"kbCL5K0RIWD3pEc2IQ9Rox8/vJB8F9ST7Hc8+MFhBWc=":{"valueMac":{"type":"Buffer","data":"zOFHr4efq2lQ9fxBdnqmW4Nddfvc5Mv7GkS6SLT1qBQ="}},"kub8+zaIaZJmOZOpUy+4r0HL0f/HxkUGlevxzc+FDVw=":{"valueMac":{"type":"Buffer","data":"gQKFliDVp26YRkDSlK69QRvbogJUPNmkDBu3ZU7VVKM="}},"lXaDsxe7VBgpuKOsyDDIgSFF0/iHtpg4rg7po9Lmodg=":{"valueMac":{"type":"Buffer","data":"SG3h1ZXLT5a2j6eur0GkA7w5rMuoua3TAiAu7cqP9fA="}},"lbbu1eh8k1zIxZdOs75UXMzSqbq2b8mTG5i0qCuCE5Y=":{"valueMac":{"type":"Buffer","data":"faRoe2jyvxe8LsTxiVmVvC3oE9odtltl0O9dNzl///I="}},"lkYMtOZfXAE/KMOcU3Z7rPOo3sySU2dQeT2m9f4vrR8=":{"valueMac":{"type":"Buffer","data":"h34EGGPng//+2LIMWoh9C6PxSA2QhFZWppY/f1C7ymw="}},"mC8Ai+7hngLbjpLlMmW86m38htwPF8C+wRUqKG5lsJc=":{"valueMac":{"type":"Buffer","data":"iCYCa/hqf6EqVmXUaA4TjBlJG+f1jr5EwRJ3eDdwmnw="}},"mj/4CPrlwC/kZAACy8lxjx6fpjoXv37wH8lBbXyIDWc=":{"valueMac":{"type":"Buffer","data":"bVzsqbY/FqP6/tJHmnEJC92KThBDh6lFAOhd9+ELw2Q="}},"m1ANz7qhVUjFy7XO71WIKW1ZsYM4q31drhPNtMvW7Mw=":{"valueMac":{"type":"Buffer","data":"/pESwkWu09XAe9TxdHGYSuZAzccYdocFoMVdY06CPlQ="}},"njZ/q8RdHPRl87V0GiVrXDBC47/a70be96hQHrf99Tw=":{"valueMac":{"type":"Buffer","data":"8xrWBJ0afzKi7fXCPmMcDbO6/MvjHLDfHYjNF20E89k="}},"ntv9yscFvVV5Hv3UBsA1VN0k6SqRhTsjLQCKEjoth5M=":{"valueMac":{"type":"Buffer","data":"eWP+BoGlcOBa8QxRSl4r2OQjPMj+bujixCdLQsERSwE="}},"of1zLeEzFf22jqBQY1IdXFN/YazPH6FXvFFBrvLa8xM=":{"valueMac":{"type":"Buffer","data":"pwIRZKj7QWarrJu3cDSohgWhnIM2K9hFXqsHtmf3HmU="}},"ozOsiaUXS4WRe5hJX4Bl44x3Tlg/vi809ZxuMT6aLZc=":{"valueMac":{"type":"Buffer","data":"SXqel3jhrJhr73z6ZWMJUp9KGGn0K08EBQ+CP8e704g="}},"pDvpXrlHjst/mZ1vhHMXbh9dTUI5LRn5kYYjuJysNQ0=":{"valueMac":{"type":"Buffer","data":"GRXWRIv+W2nGUG5n90E7rSdRNCCxnXF0RfRLFwaiCbc="}},"p2ZTHoqdZXZb07DPL8I1k01qKaoOEq7XmB8rVGmhyHk=":{"valueMac":{"type":"Buffer","data":"jDC/0NxzwppNXGaBBbGo++HtChUa6Om+UhenONuIhxQ="}},"rLO+hn9MPod63LmoaVpwalR7N8l8E//3eovAD2WBl+I=":{"valueMac":{"type":"Buffer","data":"BmWaet/tw4vtt2XAPSYRDC2CVAItxV2mhw8xBo+K1c8="}},"rR3nBz2YSYLkny9nGnYRQiSAX9YSMwVmDOwWxi7wdqs=":{"valueMac":{"type":"Buffer","data":"GEwAcHI5UuQo7OCy4eAwsygcsxcqKi02NPrWOKKDLkg="}},"reDbJghfDIePD3vZjNW5OknEX0dG8ivLvj+VoI0xAgE=":{"valueMac":{"type":"Buffer","data":"J/XGQJlUZvyqftF5RetCnvDU2pXR2+H48E2QfJ1o1x8="}},"reqmxPBIsMycKeU2pdrtL1SiOutDteVddbbOHlYmv8E=":{"valueMac":{"type":"Buffer","data":"Q9We04zZF1nKVtwPHQg9ZCCjBoGGyr+lJ1Mj36xq1XE="}},"r7kPhwwhQqHhynyfb125mOL4AVTT65he6lW6HJYoFD0=":{"valueMac":{"type":"Buffer","data":"rWZLggcNyKjGRr60Moud5v8fQFZkHy04l7/qHnavZXo="}},"sKebiyT8mNGYExtRYG4PWugHSWIcUrpstPB2AmDSweE=":{"valueMac":{"type":"Buffer","data":"3dwnXGTTORKQNEmNZ1upiJJf1LEeFk1zRXN1iYtjlFg="}},"tiAS/bHVYi1xzhJI195cuHmaxp6xNv1v7Sx/AgvWQ/w=":{"valueMac":{"type":"Buffer","data":"I3nriSeTQUNui8oFx3Sv2Rs6vwzIBQJHAHD6hmaWJN4="}},"t6VJtYQhYj69s9PBfYUA9LWeqsKmgPj9/CVD5V/hdpQ=":{"valueMac":{"type":"Buffer","data":"n1cREl27SPIteq1BF2mUfQcypPQLMkrTzfi+BzR1urE="}},"uLjpfGAY2oPN05HqZ7eSy81jyMEdOpTDN6jE6zAEfA4=":{"valueMac":{"type":"Buffer","data":"tZnzHlZitKe+kCXBFevsxrYRCK6y/mvIpj1Q0mfqM0c="}},"wWXEjZGLn5xMYgNlEBkRNapZUvNGhy0pmKUgCYr3t9Q=":{"valueMac":{"type":"Buffer","data":"G1RT2sIXyIh6oXfiqHGwTncLku33sbymP8NGRgFnkkc="}},"wber0HvV9OL+SxvZ64hcu4G90ba+qWTYVoWBEeS+sqA=":{"valueMac":{"type":"Buffer","data":"eEnGWVFXulZmEzkJBVwFACaJVjr2zU1BRmk1ODGojyQ="}},"xubdlvfm3NGjJk4gK9nzuFSZkzbXQZAEWVuYpxriXW8=":{"valueMac":{"type":"Buffer","data":"gbOQjjejY6pKnf7i7qD3wtvJHyKBMoMN4cI+brDeO88="}},"ye5wZf6e0W4QiKEMtfn8SF0Y8XkQL3jLLguslkwPH+8=":{"valueMac":{"type":"Buffer","data":"h2o1b9gv6BGDe3fwHe5G/6NeHd7ATPhO6giE0E+rRFY="}},"y7U5v+6TPxYkB0ginw1R2e799yWnyQV/u53EyejGcV0=":{"valueMac":{"type":"Buffer","data":"BskWdIY3R5j/qbw/FkuNAKU7sIvewM2FEmqjwyuXQeM="}},"y/nYNAFoiujcV3LZwRvbJXL8k0SVEfrTCK/xreNmLLI=":{"valueMac":{"type":"Buffer","data":"QPUvaUCrRZnUokJX/TZlMeA5DZ5UCQ29ZaFi6tGIubs="}},"1AJWtm+ati92UyXfDg/jewWKauHMjqyGb6tAEwc6W2I=":{"valueMac":{"type":"Buffer","data":"lbpR5xeyzggDLe4PJ45SJ6nHrvupeWa4gxbCDKu7E5Y="}},"17/BYQdXahHHKbcr48t24iXo7p7Xj9e/G04r8TXF+zg=":{"valueMac":{"type":"Buffer","data":"XkpWjwzqWHnqbTPJYW5b9krnwSzaN/QPSK3YcWqkzoE="}},"2AW+fRcQHpvsooUiJn6gQXaNJ/OXkjWmbc1hzmjV6MA=":{"valueMac":{"type":"Buffer","data":"4YeWvHeeQ/aNIJNW76c4nwE+BfpmTpy/KSrgqTxuDx8="}},"2Kb0gz9b44MT+f7xaA635jFTekG1Q1hU4vyMFYO+3kY=":{"valueMac":{"type":"Buffer","data":"lwewFEOJjOeR47BhGi7lLpByKvvINFo2Ne9KCqNqWWE="}},"2YyU2yTWr/cdYTrYJL1c87AWNzGV+z1G0PIOVOguT/k=":{"valueMac":{"type":"Buffer","data":"WWB0/A8k4Z+2zrX3OLF3sD+xjUbmtfviy0OI1+GXGg0="}},"2mVqOTIj63duXjTufx3B7lrS5ovSnrViwNe/EJFmB0c=":{"valueMac":{"type":"Buffer","data":"Ch0QyVGiBg6G9XLDAI3nI6cdieG3OTNrO+/iVk47fbQ="}},"3wa+xGSC73wYYLKSaDW9tKT+qsbrwzBSn0gBiOUi7VA=":{"valueMac":{"type":"Buffer","data":"jCREZe/setvdqh3tBkEg4ANj5bvqVzQvel4xkMRVKsw="}},"4GA7M01pWw7LujtL2PPNYA3YMIjM9hSo3Lua/lhxEh4=":{"valueMac":{"type":"Buffer","data":"IGKUY3c5NUR7G65zTXGTIEDBnIZ8dr7v+l3Zz4jya18="}},"4fIK3r5hS9c66+OHUMDW6jpFvWoo7IwS2MOlaHIkDxQ=":{"valueMac":{"type":"Buffer","data":"XE1rItNKrfoxCwctRaxSYiZIF17WVXRub+LxtoeqfWc="}},"6Xzb87k2gjKFvaRVGm6oBQU68s8W6dDUuymrs3myxDU=":{"valueMac":{"type":"Buffer","data":"Gg1ancT2gqbN3r2asmsOSU06pwNCoJFGiVOUfgmFiCI="}},"6oCo2LWAO41rFgBlPgyYx6K+p89U3bqlgonYhJ1bwH0=":{"valueMac":{"type":"Buffer","data":"1YkePxLkUPCjsXcNxDFSESOF1frOQTF8+tDuJ75ufXQ="}},"6pojt63lEq4x7DMeUm5MHzPimNWbsCH/C2o6JlqO6F4=":{"valueMac":{"type":"Buffer","data":"dVk5Q/c6IvzmvvtzESg/o86h/6Hv6PtdqW9rkDTaQHU="}},"9c5Xtk4dlqTVNtUmFh5O+xDwL7/cN2iUqNFjP9Jifd8=":{"valueMac":{"type":"Buffer","data":"KFIiW4aRNZ4XSkQaIwsMVXfEwFHAnVWAC/YAo4xmINY="}},"+y4TRU0OB/cC7+mhw8d20JtZCEANOAO4JmhnT6WF/K4=":{"valueMac":{"type":"Buffer","data":"6mfdZOF36to3YzB/q3woHh1YJPzdjsZ93lCtrmtpnUA="}},"/pcwQ+grR7o58/WRA/D81on3lztdu08V95+JAuPx+gY=":{"valueMac":{"type":"Buffer","data":"+4ZwlzMdkDSOA2VnLiNQ0VrYOCH+5tPFUyk7Zy/0i6M="}},"31x2dy4PWmh6horvqJrU2n5ikIxZPwOSxmSKuXcVO5M=":{"valueMac":{"type":"Buffer","data":"83MB+314EuIJMd+TVqRpiKkKBwypvoIIlMdJ5AeYU+0="}},"rKis7e/4KvGATDKX9GH9DyV9hvU/HvNIJYr1pT5Zv4A=":{"valueMac":{"type":"Buffer","data":"wokmqYhOPPAG1AUAN35OCATJP0kvwOKkE6MEPtZa3GI="}},"MOHj1zQnzF6RPb7ywpQqc4svVFwkXjHTfqgK6jTMe4I=":{"valueMac":{"type":"Buffer","data":"Wo1qHToLgJTZ4Mj/9tzYIAlSWgimK6O+0XlUMauoFwk="}},"LmDAYPQEojI/SW5s0ZD56krW1rczgpMP7e0qSn6wjbM=":{"valueMac":{"type":"Buffer","data":"AQR/k8gE/b5hc1Ctsc0TI6GOzZO3zmrMjibZu7flyMU="}},"4EoHm2Hj5w/qYUMqIWthjzmyLGXUBN6e1eoCm4ee25A=":{"valueMac":{"type":"Buffer","data":"NJlUaLDnhoEnQtd5lJmZxQQmNBF2qavBb1+HEvcB/yk="}},"KgA6EuVt46UZKp/97+vd4QzyA517x75q6sE0iJM9cvE=":{"valueMac":{"type":"Buffer","data":"N133QHYEAvzNFMmR3ySeg2JXMkUL6lapALvEEBqUc8Q="}},"9xW47lwFc6DiC2pyjAOq8gAKynwAMIimNFoTBZL8VmA=":{"valueMac":{"type":"Buffer","data":"/pPtmBQ3bN1ld7UIhmG28DMe5yLyAaT/LCClDkPbcjk="}},"BCMs0zissYlROJlpHzBNgA/m/p3cbj90IffCxLI2ZkY=":{"valueMac":{"type":"Buffer","data":"SY93/0JHRzLtWZIRy6P4pWZmqi9zCy8qIa9ykV5AO8A="}},"SZALffNeSZcVxEy7qDD+0IDR7LvJVY4shrE7IUovwqo=":{"valueMac":{"type":"Buffer","data":"egMjW5R0r6j4rYjmvM7JNMIDfebYswr0XRxoRLMyrgQ="}},"N7K2MMvmTd6p9B3MLmNFkyI/Ys9gORhRlvtOucQjO7U=":{"valueMac":{"type":"Buffer","data":"AeSQcqlyiw6R3GXKVVG4BYj+icpWGWLh9YpNJKj0Kl8="}},"h0/lqw8VQAMmlLCyXxmmpyPvlrln2lPCSxtyGTQ8ZuI=":{"valueMac":{"type":"Buffer","data":"gy1IW1xV5msouQZrjRVStCkKZYTcEZvSJ5/7SzFHRa0="}},"n51vXTEKC1NJoX9QTBqsfRk6F9SgZt9MLtsC5B7khtQ=":{"valueMac":{"type":"Buffer","data":"zj4iQYLhkDB443rXwsH11HBj07ZezICFYixszC/zjYg="}},"K6vyVNYj4hiFxX1VAkowbOsoeALZRROOsKtqQo03hzI=":{"valueMac":{"type":"Buffer","data":"7NUZyz2kRJYcYEBOdkD4Goc6EeJVPoCr25aWmWE4NH0="}},"1Vy5izwGTSwoawvmjY4tCYZ824Y2kmOVsQ7+LWxhE4o=":{"valueMac":{"type":"Buffer","data":"jrJSG3K3bLBcsHz28k/50kCXbIx/JaOOHaRLY4oVXag="}},"9Zc85XQeWzPoEuSxqBV9NLywuUBvB0/JNxZ6m3Wt8XA=":{"valueMac":{"type":"Buffer","data":"oPEkz2eaZnARvOQGEYo8iZrj2a0pMe3nrfNg6Y7+3zQ="}},"gg1VoRVaCX8Dn7wi4SSiA6bWZ8oHequawyv0ZqsjJPg=":{"valueMac":{"type":"Buffer","data":"BlIxZb1SnSGCgXjigsxmOcz9LWuP9dDOZlMOPy4oUOA="}},"X8rwUNU5AcWoG7RStAeJexM5MfFP6XcFAOPBdYh7zmE=":{"valueMac":{"type":"Buffer","data":"EhgiAddxkp2JksfU6uHysbMBcHUSztKHtdH4Rq5qioY="}},"MOGGnVrgK8WF1PYZDv03m7lni7Uld8Km0jUFOAOvV2o=":{"valueMac":{"type":"Buffer","data":"SUz1vhyXjxT1PSohLKlOg0LL5/2poUL0kJmpMa9YAOQ="}},"XiinC8sMgKYy5oLTGQoNO643e6Uym8rKxxl5GeCml+o=":{"valueMac":{"type":"Buffer","data":"QhMhfXNOpeM2MdqBV/MNMvFbZS4GeLVMmRR0Yb9jnUo="}},"FjZj4kzdFQvWQJCCnMqZT5SDwQ7bcKBiG4UH3xjWmY8=":{"valueMac":{"type":"Buffer","data":"NFoy4YxrdXJ1o1/WqwXS81Q2HsLjBR1tqqgLAekr5aU="}},"SFie2hAwKw+DNYLYyBLL5JJy9R6551bDQJpVbCLUK6Q=":{"valueMac":{"type":"Buffer","data":"6OLKKrTodbrgjh3zTxd7zHj0phRKu+2TfGU0R+ECIuk="}},"U06XmuBunAlMVHG5VzS5m6R54vD+H0xXNBcSk+KNmw8=":{"valueMac":{"type":"Buffer","data":"fJ1a04gm2U3HWiVmz8lvbQSCsFu5Udn53xpT9rCyHnE="}},"4IJ/my3q+T2ceSb9XXjXlCm4RJUEeas6NbQKF81QOvk=":{"valueMac":{"type":"Buffer","data":"5OcUxjgiXoGcWvAdB+f5F5yfFvLaNWPRCmNjFfS9JLY="}},"RFuP2xo3wg/PyzwNa+MpFSNMVQEtUEhg0tG3Wu/hTF4=":{"valueMac":{"type":"Buffer","data":"xdElyL9J1GAE63QuMRvDpQpZ5t4u/X8RYzkNGvFaX5U="}},"wSSjZaaNY3debvPF8+YkcerLy/PyOFilDv81qYAjmpk=":{"valueMac":{"type":"Buffer","data":"325TTzijfddE0DAHcU47iWMEW8Y+iuCDV6qM4y747CM="}}}}