{"version":54,"hash":{"type":"Buffer","data":"MxLT4dtjKvzxIjnN7I/Pm/5yWwbuBYdxglCpSYpceERlgkuJp945XTuJqaY3jbypZlcmccHxS5tL01UXNGWRUir3fpXEdeSWeAqszvrz10ZrcjsclsX6pPHf11jc+3kGGjplAJsIxLxGRBGbgwfhE+lbO7bqFCWsmG09TZAlbAs="},"indexValueMap":{"AAJowPXh6Ji7ObctfOk23o0nChTPNySpXBckUCzggNY=":{"valueMac":{"type":"Buffer","data":"z69C0cDm7USO25f8D1vlXl1sK8uDc7TsJJgfncJu+yc="}},"BW2ynGHYY+2oO/F9z/LDTuO+cO5Da9VVU6YIfXJTG4w=":{"valueMac":{"type":"Buffer","data":"DhZuQuoiufoY/dLYEj551d1anTOzaJTXMyIOyG1/vok="}},"CNpZcp84TKVhV9H4gRu0+v3o8nPv2Le984xSg7NkBOw=":{"valueMac":{"type":"Buffer","data":"OC6AJO4brAmEuGxYnY7+NXWvYtrBnPpebYDnvilSpso="}},"C5cmyL9XCR8XlhhLGzf/BwLGbNueXWOajJyEbp54hUM=":{"valueMac":{"type":"Buffer","data":"3GFWz7Ry3zgL6S+11aiZWL59mt0nNMe9cMgZwGoOhb8="}},"Dn5PDDRWA15+x6bP3Q6GUVXwGBR+rybnQ/yfnsX+cGY=":{"valueMac":{"type":"Buffer","data":"EoquPNkMIJjdD5KVlOxq/UXsk5VQtkYUrvmJ3faya7c="}},"FD+fkSHS9hPOsYPCbPtZmHpo2uIr94w0kkzio9Xc2tk=":{"valueMac":{"type":"Buffer","data":"j44KRTpseKVxPVAIx4mca8qKnkjgvcs2vh6apYxsBL4="}},"HWJGNEOOodDuRoZ+4HbGv6hpC05+Ve3G6erO+CVxt7M=":{"valueMac":{"type":"Buffer","data":"P+35OGZ5xJ5iGCYQSn+cj1Cma6/zaz352VqQ4K2j8+8="}},"IFA0UjxlDPKcpGv5OVo+RmITT4ZQfWJojCYkybr6cxQ=":{"valueMac":{"type":"Buffer","data":"1BWzLhQiKBZA4cjVeOv4tskz0zZrYTZXRGLMHfA1N+k="}},"IWaoTPTWRClPibLRi5bPHIM+4kS8gBJ5yJIwIPcRK4k=":{"valueMac":{"type":"Buffer","data":"+Siqrws7uq6lvPYQZVkPFV6VjHqyj+M8CFwuszwMe/g="}},"Jrg3fhAuaVjdmPDTuFh4Xpn6tPI7mn64VayMjeyYF5Q=":{"valueMac":{"type":"Buffer","data":"oAFS/r8Xf+cHGvktCgcCStUJtzRBKLzUGYou4hPlu4c="}},"J/QZqINmm1efkkXe2aBD/rs31NaUoAjPdymfmQJPLho=":{"valueMac":{"type":"Buffer","data":"3Qu2Po36291BC9swdVJGZVSfLSGrkM9RnMDYAXcwpFU="}},"L30cRnsljjX1GcirEyYYSQkhlTyNbSnm1Y8ouz3Eb9Y=":{"valueMac":{"type":"Buffer","data":"qI9xxOBEIhIudR6SZBdPA+FnYZZKgLQFADZz7JBqSTs="}},"MjX1Gw08PjYuXia+RS+MYFeSUvkrZ4stqFNofHMYFcc=":{"valueMac":{"type":"Buffer","data":"tn0ag9CfYjYsZ9CuTSDrucdfFDxGPqK4CpAR/RosfwM="}},"NBbRdYcrl+GtXAeDYCPSUMCmnvSPAjxLONk7kud8cUs=":{"valueMac":{"type":"Buffer","data":"9MLZBtojS6skNZI+Nt6h1bkStKSg+llUrOHAOrKDISU="}},"NgcIqEh27XJs5eIXAWl91TQppW/1bqp5Fbj6iI+/6vU=":{"valueMac":{"type":"Buffer","data":"rGfhemYroJE1tG5dxgvZjLgp95D3mjLXNcl3r4eO+ic="}},"PH83QgfL0+tNoW3RMNYysvrb8rpnqbJcZiClGnjlnCM=":{"valueMac":{"type":"Buffer","data":"43mq6WCcF1I4nW4C3oeSteFEIlJfI7Fltzwd78yhvRQ="}},"Rn/QoUQBh7WLDVhKpJ9pNAMqxtAAqKaMnde3MITV13Y=":{"valueMac":{"type":"Buffer","data":"PlZI8M5IZF40RiB/PF6guN6yReeQfamvZuhXqY2HnTM="}},"SB1D1Wf2Q/MSCrkQAoY6drpz1oWqZfVV8LCQqy0Br2A=":{"valueMac":{"type":"Buffer","data":"bT7mOrLNtQ815NinoQ12A8w/a4R0WGe1bVlWqygy7aY="}},"S/4IHyfjwDxq0U8NDmIIjOuRuebMt3gltZ3WrPKG5Kw=":{"valueMac":{"type":"Buffer","data":"IGn4YZK6fowjhTder88uATHPmvHBr7iINNSxEq+/LOI="}},"TDuqSODni3E1274xoCQ7+SPRSo0V7Bsii7tX4eowFto=":{"valueMac":{"type":"Buffer","data":"3Vhi0kosQIwydpzfNpdWI8Iwfk+eNS4xqjbvx+fdM3o="}},"T3tUGjmQ/xtbzJYGTrKt2LIxQdCCpmS3ETv6x6t53Dk=":{"valueMac":{"type":"Buffer","data":"gbewE0Kps8wWx17C22bg2vEyEP6vQqspQD0AXsU4CYo="}},"UGxpFb5wlPspFb90EZTyPjsL9xkBP8OqInomGLPQBcU=":{"valueMac":{"type":"Buffer","data":"gZnmR+ULw0ICE8zYBpGOLqheKb92tH//XHeMZ3tM0QA="}},"W1u7lKk/GCLMCr/ORcrDH21w0NjUCBrNyYbsPZMe46c=":{"valueMac":{"type":"Buffer","data":"PUoaPWyageuwphrXbDCKsdk7HkDaBHs/e5GeIZBv1zc="}},"W79BLjnnESb0p3CzZE5QoYTIwYbqBAvSt6yS+y7+VnI=":{"valueMac":{"type":"Buffer","data":"zd4yvIdFZrI2Y2kO/8PBqn58rIwF7OrWRaxrGB6e4tU="}},"W9tLNN1cZDqf4YdEYQZ8IXlNgE5fQ3f4Z29CR97F+QU=":{"valueMac":{"type":"Buffer","data":"kVOClrHz7koI31e6032cAMcLch+O6oCJggBFNHRhHz0="}},"Yw+Qcu8sJ5sU6vxPtPfbJENmVUPEzz7uYXU4csAavgo=":{"valueMac":{"type":"Buffer","data":"+s4/qRbz01ppxW9Hzm43qZFWNIRxpGZCROjg7WgwVdk="}},"ZItB4A6Kr5zB+A/9WvbBze3swp2Et+DNA9ONXQjbvYI=":{"valueMac":{"type":"Buffer","data":"/2Xi0qtOYKWwXRHkSGDqxoH6ZQ3MQIfLV6bK6t8uoMc="}},"ZXomqu1JvkVMCmi/OFVNXCZEsnZ1tzGsNW4st2d1WJc=":{"valueMac":{"type":"Buffer","data":"5qCUFdhbO1hJQ8YARrc+D/fyFyGVVtkTqw9BWPEHoHc="}},"bYADb5Kvqbh7PtT90xAWvJEXr07jw4mDqQpHZfDW4NQ=":{"valueMac":{"type":"Buffer","data":"9AOVDvnOufb/i6cbj192qFz3gwHIJvzTHtpmcFULW3k="}},"dFP2sxTuD1feJgsnyRKAzjjZ6Qh+fYzB9oivkYVo+ow=":{"valueMac":{"type":"Buffer","data":"iMCEoT6Bx6vjkol38r7nV1XZ4d38Hh/KGiSjMdFkuOM="}},"dQ1juiAvMtnWTFRHF2V/bPiu8wjqwhJuhGWQI+BUzYk=":{"valueMac":{"type":"Buffer","data":"tnJI3oqOczVYsjgvBI4s2b+cMsUxU2cewTjiIf118ic="}},"ee5frLfbznP3J1KGxZjt/DJ9jOzqLuzosqbzKbF26/0=":{"valueMac":{"type":"Buffer","data":"ji9YTOGTbHqeVgXMqremcdB683yrX4xySohxUJ5focs="}},"errG0qYvBKg8aP7d8XYis3K9n5T5cTBa6VTqolEQSuM=":{"valueMac":{"type":"Buffer","data":"otWyXgThc+++ixjrE1w/blD8pGB7CKppqaXYNVH/Dr8="}},"hdzKDzAHyKXiIjuctVX+HMYuxj89msHGz9o1cd9+Dag=":{"valueMac":{"type":"Buffer","data":"YLxuKfQ0U96EUtfhcZyAdNbwVgz0k2LD1tFQq7P4iz8="}},"h+q8ZOGYomuFrrUNrxSSJrThiAqUK3nI19ELmhKourk=":{"valueMac":{"type":"Buffer","data":"O0p3Q4KU+exFUrqp5wXLIzO0nVix+NLViH7D11XBb7w="}},"iJy4ek20FIej3TPEEerQ8YESSAQ9LKw2bRmX7W64WYc=":{"valueMac":{"type":"Buffer","data":"PeRn5j/UDAuiRrLozOERJUGepjpmQ3HN26nGQW2f7wU="}},"igZWj5/gQlHdeUPJsMbVEvVu2BrFD67b5s9PA5byAWw=":{"valueMac":{"type":"Buffer","data":"H4xU7rat9UGagUipcEGI4t6CF/A9E4Nxvhjn2RlEZBk="}},"i+Dn9fIJcTeyO3EnQ530ssMlFTIvY4eI3A3SNQ0yLjM=":{"valueMac":{"type":"Buffer","data":"OKcuMpQy6bvsS9Eo+xdXMJopg0x3tUrHxXv245Vi+2s="}},"kL6BiuKCXD8TU38f8Z0mYMyz/nZbOyKPjvDTd3yGO4w=":{"valueMac":{"type":"Buffer","data":"TbfzgjfJ1X0GY2quHDgNQ+HdhfSic8iZ9UqeNKhbrQ8="}},"kzWtTAMGwHk+KcjDS52LLL15HS5lKsygPbCuTzaLUmY=":{"valueMac":{"type":"Buffer","data":"t7iPjXOU9vTDJF+hdGeQsnFjJH1VDeeHTicplwmCcYo="}},"k7MWcVSUgqhOR3Cm1kFktdEwjYaRTkEJAVEnvrSuxcU=":{"valueMac":{"type":"Buffer","data":"Lz8ImZdGXlpNom/8CMZIxUDOVIKOvKr8oGPbczDE0nA="}},"lm+t4/6tGKWpINreVYvU5RMJlFYhDzCjOs2mYkjOWPU=":{"valueMac":{"type":"Buffer","data":"OOi0/Wn3DLLnWO2wmyI/fEkd+2UUAsR96Y+olzCb1xU="}},"lttZecQxpfUu2iwHy7tJEp0i0FxNcOkCgk0e3qUXvtY=":{"valueMac":{"type":"Buffer","data":"qNQ2jBt9Hwvo1sBQQT1WCeOYM+eltDUo8f3qmvIprEM="}},"m1AIscJkv1BMyVHmn1ztx2p8kq5Na55m2tWJ7vrCB2Q=":{"valueMac":{"type":"Buffer","data":"J77/iZyOo3AkROIpQlkfiissjcTmHmB45bxYYjIyP9A="}},"n1Gkz0m3Lhd+6O0MNpFLbhJaOoaC7uMA8q2uODsUcQ8=":{"valueMac":{"type":"Buffer","data":"qb2eX3eDKoF7Q6QGw1oHYPFT8WVOXz/POrN/hdZNDU0="}},"o/1yD5fXAWn4wmAIxx9yozG6DjhckEC1UEqKKco34gE=":{"valueMac":{"type":"Buffer","data":"H8FXGkUOWSpzFRy2VmnnKIgGbIjjRAoPmnO9zdQOdK8="}},"qJ3mtUrR4kGDpHAke8RKk+BXLkJSACQbFOET43/IdRU=":{"valueMac":{"type":"Buffer","data":"gm2SxwHvjggJx+hzJx7B2gy70ZlzpK+KHr3MdkHTzuQ="}},"qN9zh89vFO0lSDiRUvV0Ib0iqHneour0dn3rCIrUCwI=":{"valueMac":{"type":"Buffer","data":"B4FVZ+6wlrTQYZ3lgw1gO7OisY+zMthNKTLPh/G3Fvk="}},"qRyav33qRZWl7Y1YLz4rpU+pc+IbH1MU4zvMhHSqXj0=":{"valueMac":{"type":"Buffer","data":"yhD4d2yx/zvt8ZgP79T5mzPOW60Rq+e3u16Vs8trt+Q="}},"qp/c+arKNQZWNWnlNgTFYSb0wTAilP+oNaP4UZIIAc4=":{"valueMac":{"type":"Buffer","data":"1KgKa7JEPbEPXa6IWsFtp6uPFcsmOSMHjHxrfWzJvRg="}},"rhjVphXHizc4pilwZTSt5BpvFAtt/+4psyATr/WaZHQ=":{"valueMac":{"type":"Buffer","data":"lnF+vNgHe9JcdXKDuYHVDMcEArSDDQlfw9i/FcF9kuY="}},"sBuBB21IPJpFUtaDamqsL3KUAtOgMUbO9W2qEg0iV7A=":{"valueMac":{"type":"Buffer","data":"lBmf/DOnaxXBzOQN2wZIaXSDCBX2cCULdjm5yYpPAiw="}},"sU2deYH1+0BrwYS3mXn/0wDA6loYnfGhkB1A28eBvwI=":{"valueMac":{"type":"Buffer","data":"Vw6EbehTygaLue7vYQ63sRHPSyoJG4kOpSy+Tb+WtVE="}},"tWgjMm83nsrBEqI3a7uLuyrrDxtogri4pOciwBsc/ys=":{"valueMac":{"type":"Buffer","data":"zP8UDdCyzX4g3BW7oo6GH2o9L+EyBfFaetK6+N5Qt9c="}},"uVaV2FqA9lxOufJsh9JI1g6Yg4q60TcoZi4hjO24/7s=":{"valueMac":{"type":"Buffer","data":"8c0c1mwIOxO9e2v3iNb4repRT/ycCcu3A2iiE6O3v3Q="}},"vUe8Y4OHwoZRVyhWsdeBVjnsqV5/zigxyhUx7bVXQJs=":{"valueMac":{"type":"Buffer","data":"nXRUyEBKIptDbybexRoyOttS2zXtWOnM4eEMfy2B0nc="}},"xjkImUgyg322zqw+PR4A8oK6x+Vli9RcrSkuhlPmark=":{"valueMac":{"type":"Buffer","data":"Q0bp8Qh5wEoZfs4TCVy9HiSRyrtnp+YsYTsFzUA4dbc="}},"0MFBRAH1N0mJQ5tu1dU6jtH3eYUt+3EL6qX8MRbKSj4=":{"valueMac":{"type":"Buffer","data":"Qc9aKkPEQXDeZldJlahL71kkHfVdLL8oIMQ2t0K8/Lc="}},"2sv/44vw7qWDAMrvJToKZPCH4ULnySfxxrGZquyNTkA=":{"valueMac":{"type":"Buffer","data":"6b7fCL0B9cgqNuBmye78XoWZ/RsUvfyy0ebCbOeO604="}},"4yGucrH/0jQLdAE1yxDLPtFlBrA69v4sma77Rtjcmq8=":{"valueMac":{"type":"Buffer","data":"F7ZDblsFFy8V+JOt45YhjFiZqorfTDJopmphl02L4xE="}},"5HP/p5Weox8coV9q4YAoadzNwLTP8i33a6XxyhBofXU=":{"valueMac":{"type":"Buffer","data":"P8fapVATyFyZa+IGkep/BPLKugHbHOcS7giGwyzdibo="}},"5/ionelIaxBFnPeB7zaNimX8x1p056zkOZhZE9zJHL4=":{"valueMac":{"type":"Buffer","data":"2MsJvN/ALr1Bv52GtI0dOO/7gEWK+xWzTEOMfZwCP1s="}},"7SvHeqiqXmYhf+pWaYkCVWvxiHrG96eSm5kwYmyTuR8=":{"valueMac":{"type":"Buffer","data":"2qQfsQOHgLN+tBLy3tUA6jlPQWQ9XbNbhvpBpVm0zkU="}},"8/P6WGeQWyFQksbOK8L1qpJJ5Ptbu/m2BBMjrwbW2Z4=":{"valueMac":{"type":"Buffer","data":"aVa1UiUWari0KBoQjnzKQsDLJHr3fyloDx3FSsXhjb8="}},"9wvTXvnyc+gk29SS8DFQe4iqgOTCrmpwHda8OICSFhY=":{"valueMac":{"type":"Buffer","data":"K1Pf/BY31phIoXbudTmrs4qjQOWWn/GH+DDtB9G7L9o="}},"95ruWCXgQFtY7e2JAzejHtQv3nB1yHKJh0fRdgOlcxw=":{"valueMac":{"type":"Buffer","data":"9xVRnSLo6bNcvcIGoMOB5v4KxL+tNwf66F4+fekAdcw="}},"+Fj/luUnYOKXpTfInr1TAcD7w67cHvfB/3jn0rEseUI=":{"valueMac":{"type":"Buffer","data":"06tuaN53LmFHZbVyTNjSmGN94sWLjZKEfNfMRHLBts8="}},"+HEO4bcPkfrOp0LgcRRk1o4AMVoXvGMd392HhtKmqJc=":{"valueMac":{"type":"Buffer","data":"CTYpBcC3sBF/5uS3gJxM4/fbfWQN/COYEUn+/Zm5UIU="}},"+4iP3hmp6BlkK5xqqv6Am41yBbUEiyA1pSyWdASOwCo=":{"valueMac":{"type":"Buffer","data":"Ff4GDM+BPtmQ9vKclhiiAs7GQ98Nv0s9YaF518gMBvo="}},"EdjD6r76LFfpwCAtYS1kVaEYeFWjl131S7e1cGtyWbU=":{"valueMac":{"type":"Buffer","data":"ecGYosvmZZlvxCGsSrUk1HX+UcgqpcORKM1y7uEu+k4="}},"PrJJkGOtz38RNCzHyAx16qn63UofPCcrErz3ZOOA0FE=":{"valueMac":{"type":"Buffer","data":"RWI+It6Z3b40jdxDJ4b0U/acEAZfDP7T/SI9rAKTHDM="}},"cMnKDVRXH+Wro7RZc6SVSiCfQHBha2yqH0y20PZbB9A=":{"valueMac":{"type":"Buffer","data":"rbJJKovLheHMDB43vPQ7G+M1ZMojFYVfscEmQpZJVfU="}},"ZAmXo9zwSXCKhGNYq4KQwQTdMhlWPY+SXyvY0zh1CHQ=":{"valueMac":{"type":"Buffer","data":"D4+I55gXdzeTxVx8I4A1UPcfyWMuir869JqI+L/usIU="}},"yYLShfg4uNO8tXDTkihCn8zEIRIe/PyPhN9uLiIfnxo=":{"valueMac":{"type":"Buffer","data":"FF7pTfct3RsvaJFdB9A0PG4eIwlXsqBbneI7L+9+s7k="}},"ypFkV94bcmJPThmbzzke0xxbAuE8CoQodvuGuMd1G+Q=":{"valueMac":{"type":"Buffer","data":"s2mjluu0eEXiAEehWlK65woJ0Pux8M5C3p2KJjEqJQA="}},"+tg2Z4vTN9dKOeoscpVXJOTnDd/FXgQQDdlhihpWQ/s=":{"valueMac":{"type":"Buffer","data":"1PWy1bpfHsiQz0Qv/boKlxIryoP0TxlB+G4Uo6OJK7M="}}}}