{"noiseKey":{"private":{"type":"Buffer","data":"2NbloZNutEs+BbBh6rzwjj4kU+BQDTv5j/q3jMgdPEY="},"public":{"type":"Buffer","data":"AD4Z8IS4aC0yWgVh/oRZWc75WQU692l5GwQjkrptvzY="}},"pairingEphemeralKeyPair":{"private":{"type":"Buffer","data":"mF1N05tFIqe2OKMrX5ij0CDgmjKuFB9ZcX2LMh871HY="},"public":{"type":"Buffer","data":"eOkUQN7bmY708fTXH/13Lol49mln3mgdkgJjHZG0TD4="}},"signedIdentityKey":{"private":{"type":"Buffer","data":"mFPZaF3ZaODvJM/l2JYXXc/zFqNP2MtVeEuY/cHnjEE="},"public":{"type":"Buffer","data":"uHf14TWFVOveAmeecBYgDE/maNT4mtRl6S5H+/OFwzk="}},"signedPreKey":{"keyPair":{"private":{"type":"Buffer","data":"8GG1fDG6x+j5jXaZs/5WU8dh0jY6B8fC8wG+RBlVzmU="},"public":{"type":"Buffer","data":"mn1Dt4au89GlZ96sPp2FWXvhCiHuin0qeM+32TOOeyg="}},"signature":{"type":"Buffer","data":"2eqAKCPhrDcsGF6ICl6yvd0iITd0GQdJAK01EG51FSs0YBf9xccYwkQsvGRnqdI5u5DB+0P9hUhc6fncGz5ZgQ=="},"keyId":1},"registrationId":119,"advSecretKey":"iBJePcKLWuXX0AJh5e1kqNecmLZYsz8PPkVI2WYT2Ak=","processedHistoryMessages":[{"key":{"remoteJid":"393515533859@s.whatsapp.net","fromMe":true,"id":"3AE4A85307A6E9BA944E"},"messageTimestamp":1752960907},{"key":{"remoteJid":"393515533859@s.whatsapp.net","fromMe":true,"id":"3AB9B32B9B7B4B91263A"},"messageTimestamp":1752960908},{"key":{"remoteJid":"393515533859@s.whatsapp.net","fromMe":true,"id":"3A3D3FAF52F4C6873390"},"messageTimestamp":1752960942},{"key":{"remoteJid":"393515533859@s.whatsapp.net","fromMe":true,"id":"3ABA59194E2CC41767A5"},"messageTimestamp":1752960949},{"key":{"remoteJid":"393515533859@s.whatsapp.net","fromMe":true,"id":"3A3C611D57F38564BA81"},"messageTimestamp":1752960952},{"key":{"remoteJid":"393515533859@s.whatsapp.net","fromMe":true,"id":"3A4D668E06F43D446840"},"messageTimestamp":1752960956},{"key":{"remoteJid":"393515533859@s.whatsapp.net","fromMe":true,"id":"3AB398BC4C91DCB9FAE0"},"messageTimestamp":1752960964},{"key":{"remoteJid":"393515533859@s.whatsapp.net","fromMe":true,"id":"3AE543D4D4B0AD2DCDAF"},"messageTimestamp":1752960984},{"key":{"remoteJid":"393515533859@s.whatsapp.net","fromMe":true,"id":"3AC90EE77AA720C26A75"},"messageTimestamp":1752960992},{"key":{"remoteJid":"393515533859@s.whatsapp.net","fromMe":true,"id":"3A2024D02E474B65D8A7"},"messageTimestamp":1752961008},{"key":{"remoteJid":"393515533859@s.whatsapp.net","fromMe":true,"id":"3A6F2158414F2EA95D39"},"messageTimestamp":1752961011},{"key":{"remoteJid":"393515533859@s.whatsapp.net","fromMe":true,"id":"3A8D7D5A74EDA80750D9"},"messageTimestamp":1752961024}],"nextPreKeyId":33,"firstUnuploadedPreKeyId":33,"accountSyncCounter":1,"accountSettings":{"unarchiveChats":false},"registered":false,"account":{"details":"CIGWkasCEIKf8MMGGAQgACgA","accountSignatureKey":"S9UOLJcPoUxVD2/V6UHksytK+xxeykmNzlSx6mqGpnM=","accountSignature":"dn6/UDwjD87YNgJxcHFlv5y8fzQqGR3ffpixtkQKpgStn5dHYOgUyZ1LUBAh9CcAdWVSKIiO5h0oylWiGrrxjA==","deviceSignature":"HxJJcTe8PTrGV4nlyIxS9V9YvJ/ULB+MJXTtTiE2yI3nbcfsSV76yAFlh4ijXZYWnGMsVve2ZPhfgPk0HfSSiQ=="},"me":{"id":"393515533859:5@s.whatsapp.net","lid":"79530161090720:5@lid","name":"vale"},"signalIdentities":[{"identifier":{"name":"393515533859:5@s.whatsapp.net","deviceId":0},"identifierKey":{"type":"Buffer","data":"BUvVDiyXD6FMVQ9v1elB5LMrSvscXspJjc5UsepqhqZz"}}],"platform":"smbi","routingInfo":{"type":"Buffer","data":"CAkIBQ=="},"lastAccountSyncTimestamp":1752960900,"lastPropHash":"2V77qU","myAppStateKeyId":"AAAAAPYT"}