{"_sessions":{"BSxezCP/uRLqLsfAfC60eQh6BbhG5OFsRz/I5nvbkmNC":{"registrationId":1680622802,"currentRatchet":{"ephemeralKeyPair":{"pubKey":"BS11PCNgtD/WN0Z9WKZQa264xlnaC1KXHsAmji0cHL0D","privKey":"WMObLSKtcN3QJMuVAkFVgTApezbONdowasNu4OxBm0M="},"lastRemoteEphemeralKey":"BYng6rbJHRlY9cphHAvspCIl4Jviys//JN/BZ2sWWosF","previousCounter":0,"rootKey":"6Q2sE+AEWLaSZsgSDidPOz76gwAOMXStixSeJ01aWd8="},"indexInfo":{"baseKey":"BSxezCP/uRLqLsfAfC60eQh6BbhG5OFsRz/I5nvbkmNC","baseKeyType":2,"closed":-1,"used":1752960979902,"created":1752960979902,"remoteIdentityKey":"BdqVDNC3qiT2cjK9R9KnD3tyDtmkrLSsAu9ogJScKUIs"},"_chains":{"BYng6rbJHRlY9cphHAvspCIl4Jviys//JN/BZ2sWWosF":{"chainKey":{"counter":2,"key":"xysabWnlA5e8WZ+Wc7w8wvYe0z9aJaFF135dpIi1Hoo="},"chainType":2,"messageKeys":{}},"BS11PCNgtD/WN0Z9WKZQa264xlnaC1KXHsAmji0cHL0D":{"chainKey":{"counter":-1,"key":"ton757TA5XAzh72jZLDZGLPPt/lBpIELKUZ/1qLjeYs="},"chainType":1,"messageKeys":{}}}}},"version":"v1"}