{"_sessions":{"BSEy8c81oOFCEIwRZQ+n41raR1Ha/XBh1YhJLljsCiNh":{"registrationId":1680079611,"currentRatchet":{"ephemeralKeyPair":{"pubKey":"BdNkqbUp6ckdirGAP3VvDe9imd32hae8yqffS4mqA/ok","privKey":"oF6KRQkEZJ7xA9JDJdETDc4bF+HrdV/V1HyD1faIMmc="},"lastRemoteEphemeralKey":"BePO+vq/ua4x18xBxhfbRHZV4+5JWHcMhgHSPlpTcsF4","previousCounter":0,"rootKey":"pyaKxhpJFkqkNSVBrv78KdyOX9JMGzwlP2P1mzLiupQ="},"indexInfo":{"baseKey":"BSEy8c81oOFCEIwRZQ+n41raR1Ha/XBh1YhJLljsCiNh","baseKeyType":2,"closed":-1,"used":1752961040840,"created":1752961040840,"remoteIdentityKey":"BUKcvnnSWuaJ/c1ZlNrVYs49ETzOf5645jEKVlCqfVlZ"},"_chains":{"BePO+vq/ua4x18xBxhfbRHZV4+5JWHcMhgHSPlpTcsF4":{"chainKey":{"counter":0,"key":"6SIBVi2oGjqNm+n/7J9J6iQOXq63/DKaEQvzff7S+kE="},"chainType":2,"messageKeys":{}},"BdNkqbUp6ckdirGAP3VvDe9imd32hae8yqffS4mqA/ok":{"chainKey":{"counter":-1,"key":"iwGLa2O5h45FlWtvyJrS99Di834S7s/oIXjvsGuLdWM="},"chainType":1,"messageKeys":{}}}}},"version":"v1"}