{"_sessions":{"BdC9s6Rw8TfCAddTRSz12pDY5QhSGsX/gH01gFHNYHxE":{"registrationId":3919324,"currentRatchet":{"ephemeralKeyPair":{"pubKey":"BXLkLJqabG4g6Q1OeV5TgXXYnyQhc8HrFJOD20spfDMA","privKey":"KBInyFh6TObrV936hU5H0CoLGHzEhd8DKNTjt6OpCX4="},"lastRemoteEphemeralKey":"BZ/lXlEX43zlojL9AiaNG0a8Z+n+WvQKpq+ibcgIHhog","previousCounter":0,"rootKey":"YzT/9kSv69vJPUFu5Fa25e+D8VChNKrlCyI5nwCzVBE="},"indexInfo":{"baseKey":"BdC9s6Rw8TfCAddTRSz12pDY5QhSGsX/gH01gFHNYHxE","baseKeyType":2,"closed":-1,"used":1752961009869,"created":1752961009869,"remoteIdentityKey":"BWpTl9Cd7+USsUfseThoVHkEQKsKGmYhIp1W6XU8VX4u"},"_chains":{"BZ/lXlEX43zlojL9AiaNG0a8Z+n+WvQKpq+ibcgIHhog":{"chainKey":{"counter":0,"key":"v8zHqo3hzrF5esjkVQcp0X9rDXyUUtX82UhYEPlGRfo="},"chainType":2,"messageKeys":{}},"BXLkLJqabG4g6Q1OeV5TgXXYnyQhc8HrFJOD20spfDMA":{"chainKey":{"counter":-1,"key":"qGCNzgzVOpkquffRNfDP/T34NUiyGq+4DhcgV9pdf1Y="},"chainType":1,"messageKeys":{}}}}},"version":"v1"}