{"_sessions":{"BSYNpidynkqw/76BiqtqO87JRVMu/aJDzH+YfGgXEUU8":{"registrationId":585335381,"currentRatchet":{"ephemeralKeyPair":{"pubKey":"BTPq1Ln9B7EXPst5trDp/xTMqnI3VMuXgSXcMzcc4thV","privKey":"4IhcquD6y/LIobq+uGh0p9yhyLU7GtRy5AadE3SRkH4="},"lastRemoteEphemeralKey":"BShXV1x3M3rFdVgrRMHY63Dy4VwfwwLLe5pYwE6lxytR","previousCounter":0,"rootKey":"MThQChCHFqdG7ZUiPVM6WlBF/nK1vtJKWhLzuFC2M2Q="},"indexInfo":{"baseKey":"BSYNpidynkqw/76BiqtqO87JRVMu/aJDzH+YfGgXEUU8","baseKeyType":2,"closed":-1,"used":1752961172958,"created":1752961172958,"remoteIdentityKey":"BQnhGjuJyW6iQN9O0is3iE8ct7zBBXHuQ6bjf040rG0f"},"_chains":{"BShXV1x3M3rFdVgrRMHY63Dy4VwfwwLLe5pYwE6lxytR":{"chainKey":{"counter":0,"key":"SjRKIcUsYkaZV71F4MLeRwRKORvhooQieMdrrTWYmBI="},"chainType":2,"messageKeys":{}},"BTPq1Ln9B7EXPst5trDp/xTMqnI3VMuXgSXcMzcc4thV":{"chainKey":{"counter":-1,"key":"CUbvqlnz9dOGSXk/vB+fzuTQsOKgoXmc7vvF3KiAePE="},"chainType":1,"messageKeys":{}}}}},"version":"v1"}