{"_sessions":{"BTIQWTvscI4JN8Lnx+Urg+hXJm6boj8IJFSIVPbCvLEC":{"registrationId":746395090,"currentRatchet":{"ephemeralKeyPair":{"pubKey":"Ba8qJLLxy0MFjeVK2zMHz+/KcODYqTxsjqfJMfUJ7x8o","privKey":"kBWfrOQo+Zeul/xvWLkV6g3HvMGz3G0Afkrc+dCw+k0="},"lastRemoteEphemeralKey":"BUDAbkUKrqRJjs4dohwfxuQB8HT1VkXFBf+7KeUsPi4W","previousCounter":0,"rootKey":"wCFoNU3+y884BtaxW9volElIVtSRuEDwEbwQ2dTpFBA="},"indexInfo":{"baseKey":"BTIQWTvscI4JN8Lnx+Urg+hXJm6boj8IJFSIVPbCvLEC","baseKeyType":2,"closed":-1,"used":1752961113358,"created":1752961113358,"remoteIdentityKey":"BWrHqCnZamZnaw4cu4AjJIBXLp4LSk1x1UE2kHRZyMo2"},"_chains":{"BUDAbkUKrqRJjs4dohwfxuQB8HT1VkXFBf+7KeUsPi4W":{"chainKey":{"counter":0,"key":"q/XjX9TNNQn+u7wjcNCGez2Cg1XC5D8D40lmp4Za7f4="},"chainType":2,"messageKeys":{}},"Ba8qJLLxy0MFjeVK2zMHz+/KcODYqTxsjqfJMfUJ7x8o":{"chainKey":{"counter":-1,"key":"+uq0RBflQy3Q4IxrIeB5Oc42FVj7kCKH5uVLUZpn4hk="},"chainType":1,"messageKeys":{}}}}},"version":"v1"}