{"_sessions":{"BagobfRSXWXoYjGzYK8P6udHktEtzv7nk3F6kdrWNeNh":{"registrationId":2043883635,"currentRatchet":{"ephemeralKeyPair":{"pubKey":"BcojBkFKJovkXMWwd7b44qMYq3qWVIZIbmllVVgrM6Zp","privKey":"kBuj5Li9iNaic4nWW36NsdhLhALJZ6hPRRvKzGqSJEU="},"lastRemoteEphemeralKey":"BXKie0X2L93K1o2aVYO/guBjwjH4O5xyb43DU5S3cpQD","previousCounter":0,"rootKey":"/Q0IgBal99WI0vqE2YOjdU1Kkpd5Eihhhl4+p1B1RIM="},"indexInfo":{"baseKey":"BagobfRSXWXoYjGzYK8P6udHktEtzv7nk3F6kdrWNeNh","baseKeyType":2,"closed":-1,"used":1752961057028,"created":1752961057028,"remoteIdentityKey":"BW9ZIrQCyvfDHhH0IuVIiXUWZt0dbLVStiEhD2tWTUdU"},"_chains":{"BXKie0X2L93K1o2aVYO/guBjwjH4O5xyb43DU5S3cpQD":{"chainKey":{"counter":0,"key":"4AsbiwWYvS4y1xXl5BtOXiLcHc05mmAPwKp5vlTgy2A="},"chainType":2,"messageKeys":{}},"BcojBkFKJovkXMWwd7b44qMYq3qWVIZIbmllVVgrM6Zp":{"chainKey":{"counter":-1,"key":"YDMiGMXFnn+wg/ZS9D34Nn3kqtal5nDw1lRSFNFeANw="},"chainType":1,"messageKeys":{}}}}},"version":"v1"}