{"_sessions":{"BYJfbVbeMQksxIG9sh0pv1CLfdI3SupvD0IbP+Xt+3RJ":{"registrationId":1062733741,"currentRatchet":{"ephemeralKeyPair":{"pubKey":"BepkLm77h9Kq2m5vrZCHH4tv8OzNOCagzsqmvYiDcKFF","privKey":"COw5fhbVLQkg0DzsGXFoOj7m7Uw7B2puMiGC60dST1s="},"lastRemoteEphemeralKey":"BeUGDbkDVqcM6H4qWetU+1nm2PBl4pjIpBX+UWf7ZbY5","previousCounter":0,"rootKey":"0SBKzH7D4YfN0IeILuYbOqVlg/umirPiXZHVBn+xYAI="},"indexInfo":{"baseKey":"BYJfbVbeMQksxIG9sh0pv1CLfdI3SupvD0IbP+Xt+3RJ","baseKeyType":2,"closed":-1,"used":1752961049894,"created":1752961049894,"remoteIdentityKey":"BUIsqIQIRAhAZkGzhUJRRQ7pR7Yhogkq4RxAC3/TrYId"},"_chains":{"BeUGDbkDVqcM6H4qWetU+1nm2PBl4pjIpBX+UWf7ZbY5":{"chainKey":{"counter":0,"key":"8a7fkCR+i7kpQO/Py5fIF3qxNpeXUY/l1qz1vrHprPA="},"chainType":2,"messageKeys":{}},"BepkLm77h9Kq2m5vrZCHH4tv8OzNOCagzsqmvYiDcKFF":{"chainKey":{"counter":-1,"key":"0JmqoxOoH3vd4DEnI5oS9xk3/TtwiIkS3lUOQ6QzGpA="},"chainType":1,"messageKeys":{}}}}},"version":"v1"}