{"_sessions":{"Bd5mRk3LxM+QYTmLu4qUuynigTpLCSCWJywqPGK7emwZ":{"registrationId":25,"currentRatchet":{"ephemeralKeyPair":{"pubKey":"BVHRgN++ozc83O0VxYX3mOEibqtQSOue74x7qiOskgNB","privKey":"oA5NzH9Wbd/QSqMybH54EOZsSEgaySoHdwLoWFALAG0="},"lastRemoteEphemeralKey":"BVFLDEYqrKV6htKVa4HSnEdIy4LNrd4FO/Y2Ettvdt9A","previousCounter":0,"rootKey":"vSu86V3QfvyCJ1UY/wpJfjR6Gl8u+jzQCzl3sF7l25Y="},"indexInfo":{"baseKey":"Bd5mRk3LxM+QYTmLu4qUuynigTpLCSCWJywqPGK7emwZ","baseKeyType":2,"closed":-1,"used":1752961163643,"created":1752961163643,"remoteIdentityKey":"BYeBBF1BeKhokXJnI7olZ3ONSj51EuAcJ4UbvxrnN08K"},"_chains":{"BVFLDEYqrKV6htKVa4HSnEdIy4LNrd4FO/Y2Ettvdt9A":{"chainKey":{"counter":0,"key":"/WTp9pZM2s65Li4ZhBdRi9pCkfJWRm1KUzMOtKNdonM="},"chainType":2,"messageKeys":{}},"BVHRgN++ozc83O0VxYX3mOEibqtQSOue74x7qiOskgNB":{"chainKey":{"counter":-1,"key":"OgtCLWlCQ6P2ywNfzil0PHFcDGIy0R+TQtd6qWIS2lg="},"chainType":1,"messageKeys":{}}}}},"version":"v1"}