{"_sessions":{"BeQJHa79hHbl/Ioxn8HYLDBjnZiri6JpKmVMLqwv90Is":{"registrationId":557571672,"currentRatchet":{"ephemeralKeyPair":{"pubKey":"BatSWGIXSoXMhVeftR5ycy4JioBvhoY4G7Y7KDzhwoob","privKey":"SE8ME8+sWNBDrSgY0hcSOhUu0+7EafkFx8PORHlbm0Y="},"lastRemoteEphemeralKey":"BXTV+tYntTCdDkXhJcSUKO5x+X3gl6tbzjxSBoUByvd/","previousCounter":0,"rootKey":"7QrfsyMAfG3/A+E6oNxuDmZMSrL0mqzfuEKouoLaqgo="},"indexInfo":{"baseKey":"BeQJHa79hHbl/Ioxn8HYLDBjnZiri6JpKmVMLqwv90Is","baseKeyType":2,"closed":-1,"used":1752960903318,"created":1752960903318,"remoteIdentityKey":"BcJ/MIQ18GO3/3DYIbd3LLR9vBQ8MCuSQ+vm3c/wfGBC"},"_chains":{"BXTV+tYntTCdDkXhJcSUKO5x+X3gl6tbzjxSBoUByvd/":{"chainKey":{"counter":3,"key":"aAvRMgJlO2Mgby3yzYyYRuJNB+0UV2dcBset8E7vxHU="},"chainType":2,"messageKeys":{}},"BatSWGIXSoXMhVeftR5ycy4JioBvhoY4G7Y7KDzhwoob":{"chainKey":{"counter":-1,"key":"v2hrayAwL4pBWYvflZBF70fWqyAESxNip/ZjYXBegIk="},"chainType":1,"messageKeys":{}}}}},"version":"v1"}