{"_sessions":{"BcQ1JM9MNmKxumUTdRgNd4Fomd7nV9rk9Ewxh6P6YbBh":{"registrationId":1956201630,"currentRatchet":{"ephemeralKeyPair":{"pubKey":"BXWNzDU4SmxsRBIj2dj3FxbXFr9Ka7zWCnACTwctP2Rp","privKey":"2NKhKUl78J98FqPcdqke2w4DEFdfu2cnLDDIORmng1Q="},"lastRemoteEphemeralKey":"BV+8FGPkEZS/ighQGrD72Jw4eozw3UinrE9DSRVJ2XUj","previousCounter":0,"rootKey":"bdVhEV/POpesNiiN5TDoy9Ih0NA4gSV46ZkFhpeZDyQ="},"indexInfo":{"baseKey":"BcQ1JM9MNmKxumUTdRgNd4Fomd7nV9rk9Ewxh6P6YbBh","baseKeyType":2,"closed":-1,"used":1752961114118,"created":1752961114118,"remoteIdentityKey":"BbwVmx/3PoW/s04yrQv6lVqGPkzY3CfEdpi3Z0fFlvcC"},"_chains":{"BV+8FGPkEZS/ighQGrD72Jw4eozw3UinrE9DSRVJ2XUj":{"chainKey":{"counter":0,"key":"Xs9EB9lOQ0yvsg7sRiJknIpgnGpnXB23xxpUT/Cy+Qk="},"chainType":2,"messageKeys":{}},"BXWNzDU4SmxsRBIj2dj3FxbXFr9Ka7zWCnACTwctP2Rp":{"chainKey":{"counter":-1,"key":"X5JkGdq1yhvz6tIU2EluxeKlrJMBuq5/efTOEGTTt3U="},"chainType":1,"messageKeys":{}}}}},"version":"v1"}