{"_sessions":{"BSpPgzAFSx/axmOeVjOss3mAZ5B2+jfc771cDvlea74Y":{"registrationId":1054391243,"currentRatchet":{"ephemeralKeyPair":{"pubKey":"BSrGUTlrSyWmAF9lpfdHc3fWOMUfPI3At6qf/3rmjb5R","privKey":"cHLFaS44+tEiRwHOV7BTBc6rSm5HZ4Hof1ABaRWI9lo="},"lastRemoteEphemeralKey":"BSIxjbUu8lnyTetOsZyYDLQpjHbD8tMMFUmgci5jlGAP","previousCounter":0,"rootKey":"JL0KCcNcphf25uibcvpOaC9jIwv/PjsuwcNNQ8FKYFM="},"indexInfo":{"baseKey":"BSpPgzAFSx/axmOeVjOss3mAZ5B2+jfc771cDvlea74Y","baseKeyType":2,"closed":-1,"used":1752960913454,"created":1752960913454,"remoteIdentityKey":"BfCQrHS7OUZOb5w7JEm6X3pHqoHtzenNjGv0ujVaL3Bq"},"_chains":{"BSIxjbUu8lnyTetOsZyYDLQpjHbD8tMMFUmgci5jlGAP":{"chainKey":{"counter":1,"key":"YmpiR486ciQ922FxTOOczjJaI+yZAHUI/qAg2cM/Ts8="},"chainType":2,"messageKeys":{}},"BSrGUTlrSyWmAF9lpfdHc3fWOMUfPI3At6qf/3rmjb5R":{"chainKey":{"counter":-1,"key":"t/+a+5szcNQOIAaOtSmJc3SALUKvud/td7/Wn92JQ2M="},"chainType":1,"messageKeys":{}}}}},"version":"v1"}