{"_sessions":{"BW24Z1gzuiXC5Y4sXxMJwhjFUQwWc9npvMpU/fQlTBQD":{"registrationId":1868420823,"currentRatchet":{"ephemeralKeyPair":{"pubKey":"BXRBgcpqt0GNbB7T4KebHkFZQNpz+V4MuLuwLDlf5K4f","privKey":"0AiCADSeq/62gNQy5ERvsNRDzsiSwQKzG/7+vASwM1c="},"lastRemoteEphemeralKey":"Bfbjg8nWqZidAKLKDPqC21Mf4zG7KbhxppdlFysb55sw","previousCounter":0,"rootKey":"Vvn1IKIX1k4f1uyLCQGW/GCKhjjD24Ik4VHtuHHxD/w="},"indexInfo":{"baseKey":"BW24Z1gzuiXC5Y4sXxMJwhjFUQwWc9npvMpU/fQlTBQD","baseKeyType":2,"closed":-1,"used":1752961073436,"created":1752961073436,"remoteIdentityKey":"BRR8qIgzhNGmVYx022unpUsyj8dKkO9XJUZSMOW1zqcS"},"_chains":{"Bfbjg8nWqZidAKLKDPqC21Mf4zG7KbhxppdlFysb55sw":{"chainKey":{"counter":0,"key":"aQjN0Mo2v4eSRnRTdLzYru/FJf+dEWX1yHk9r1S5b3Y="},"chainType":2,"messageKeys":{}},"BXRBgcpqt0GNbB7T4KebHkFZQNpz+V4MuLuwLDlf5K4f":{"chainKey":{"counter":-1,"key":"1+lpS761H9k5GrRcE/OnorJsAxJwHzO+w9ya89zfdUs="},"chainType":1,"messageKeys":{}}}}},"version":"v1"}