{"_sessions":{"BbEP/oAKTZUcsoeS8L+yrFxYlEWa2+jMwCNXi0zLgqVF":{"registrationId":70916125,"currentRatchet":{"ephemeralKeyPair":{"pubKey":"BSiBwPUGz7Ut7907zuZCwbIvmjATRT15ziZECJrYUoVE","privKey":"kOdSdqbWH+1IOnICsoh1ieIXh3DMeT8lpI3fxNsYxFg="},"lastRemoteEphemeralKey":"BSQ95G65M3X6VRvs7vgybR3YJHLJiLlXRLaOwB3O+4wT","previousCounter":0,"rootKey":"RUyZDhlZdUZyCJjnOA6gTYFrPyGhMVDC1pq0CDx/XKc="},"indexInfo":{"baseKey":"BbEP/oAKTZUcsoeS8L+yrFxYlEWa2+jMwCNXi0zLgqVF","baseKeyType":2,"closed":-1,"used":1752960901714,"created":1752960901714,"remoteIdentityKey":"BUvVDiyXD6FMVQ9v1elB5LMrSvscXspJjc5UsepqhqZz"},"_chains":{"BSQ95G65M3X6VRvs7vgybR3YJHLJiLlXRLaOwB3O+4wT":{"chainKey":{"counter":22,"key":"KlekDz4NRxv6LOQcsTLFPJbO5V73bHTCPfUThEICZLo="},"chainType":2,"messageKeys":{}},"BSiBwPUGz7Ut7907zuZCwbIvmjATRT15ziZECJrYUoVE":{"chainKey":{"counter":6,"key":"m+RU4h25FowjiHtw5Onx7FKAFtsQnnhWll2cAqWkHkQ="},"chainType":1,"messageKeys":{}}}}},"version":"v1"}