{"_sessions":{"BWKf4EoBA7rsTtPnVVGApmD5fXZRsLi5onhB+NU9waJb":{"registrationId":29,"currentRatchet":{"ephemeralKeyPair":{"pubKey":"BUMmWDiHfkVR4vj4XSnouS26hNGJMFRpX4r8vnQ6CrMy","privKey":"YAnUZBY14SJg6N0Zt6RCSCX4RS9sY6jV1iXtv0qvh2I="},"lastRemoteEphemeralKey":"Ba3Mm+MlI4r2tolj+05fuH+rw97Hk+nPkgyQERYylGcf","previousCounter":0,"rootKey":"+ypr1uK8jmZvC0oCPnnVjLvJuuQaCpa+TUwQI7CAvSA="},"indexInfo":{"baseKey":"BWKf4EoBA7rsTtPnVVGApmD5fXZRsLi5onhB+NU9waJb","baseKeyType":2,"closed":-1,"used":1752960921871,"created":1752960921871,"remoteIdentityKey":"Bb2KAMvdODBPpngE5zpVjOSugUKWkz9E8cBLdZwYYCd5"},"_chains":{"Ba3Mm+MlI4r2tolj+05fuH+rw97Hk+nPkgyQERYylGcf":{"chainKey":{"counter":2,"key":"WlRmISjvu31TtAR0YhOHW+2rbU/Yt/xuxeS4oqFlObA="},"chainType":2,"messageKeys":{}},"BUMmWDiHfkVR4vj4XSnouS26hNGJMFRpX4r8vnQ6CrMy":{"chainKey":{"counter":-1,"key":"AAaS9MaJ4LdxWZGB66M07xpnPnwUI+EzPNeFz1ZfCpM="},"chainType":1,"messageKeys":{}}}}},"version":"v1"}