{"_sessions":{"BTl68jvHg5zK80y5Adp/2a3nKNyopON/mlKEnuqALJ0z":{"registrationId":114,"currentRatchet":{"ephemeralKeyPair":{"pubKey":"BeosySuNldrvMp3HWVYE/d8VjahPE96sDEvnE3GWCoxt","privKey":"4AnWsQFM4PnBstIcpOc9GTdxI09z+tmpc+Dz/Bc+w3Y="},"lastRemoteEphemeralKey":"Bd81kX2+1rkvwwLYMZn2gRX16H3CSQdRUPJH3JQWVzJm","previousCounter":0,"rootKey":"9t0qfUiiTnmta3Y6EN5GNc11Gu2R6ANE10k+vx4LSY4="},"indexInfo":{"baseKey":"BTl68jvHg5zK80y5Adp/2a3nKNyopON/mlKEnuqALJ0z","baseKeyType":2,"closed":-1,"used":1752961161981,"created":1752961161981,"remoteIdentityKey":"Bet4vg7uSZUBXuA1FYLIu0iOEyq+0FlylSp4uYu9jcob"},"_chains":{"Bd81kX2+1rkvwwLYMZn2gRX16H3CSQdRUPJH3JQWVzJm":{"chainKey":{"counter":0,"key":"/m926FIe92fK0VsiQ5unmR4k7G5jNQO3rdVGkhBATRY="},"chainType":2,"messageKeys":{}},"BeosySuNldrvMp3HWVYE/d8VjahPE96sDEvnE3GWCoxt":{"chainKey":{"counter":-1,"key":"5m788hxzTALq458dd1p9ASGbZ8zR781LhhGxXdehKQk="},"chainType":1,"messageKeys":{}}}}},"version":"v1"}