{"_sessions":{"BSHqcBkaP9bVUmLbLGSwN9jzOQb17h0OA+x6afYKjw0f":{"registrationId":111086057,"currentRatchet":{"ephemeralKeyPair":{"pubKey":"BQK36RVYnpSgx98ThQiQ8CWuyp4C5KfZp8QWAyE/HkhN","privKey":"yB89xm1PmB2rXioI54tQzNhov49Nna9JFfqYqnRSykw="},"lastRemoteEphemeralKey":"BfOHbSH3Atdfn/H2zeE/myQtbrK0nKSOfZz9WQAX+XA4","previousCounter":0,"rootKey":"9MeQ8YePSJmpnAmKmmftPrehzyRojkCt47NZR80k3DA="},"indexInfo":{"baseKey":"BSHqcBkaP9bVUmLbLGSwN9jzOQb17h0OA+x6afYKjw0f","baseKeyType":2,"closed":-1,"used":1752961205941,"created":1752961205941,"remoteIdentityKey":"BfRIVs3sGNZoze1e5RqtpsONvZwdQSSkiq7/Z8msfkJ4"},"_chains":{"BfOHbSH3Atdfn/H2zeE/myQtbrK0nKSOfZz9WQAX+XA4":{"chainKey":{"counter":0,"key":"8Uiqeo91ivLD7SWHzZnhMeXnvO1Nzm4k2+OZb+t+Za0="},"chainType":2,"messageKeys":{}},"BQK36RVYnpSgx98ThQiQ8CWuyp4C5KfZp8QWAyE/HkhN":{"chainKey":{"counter":-1,"key":"ifPiWhWTtOdhR06PR5ozxFJ0ixdZAyEegDEIEWy/R0M="},"chainType":1,"messageKeys":{}}}}},"version":"v1"}