{"_sessions":{"BRFQ5K4NxDUIwAgM2L+TRFc9DtGPcGOQh0Q/TSlxrERn":{"registrationId":10833063,"currentRatchet":{"ephemeralKeyPair":{"pubKey":"BSsxEUsqntiwn87xWmGfA9T2rIRYAqRNtn8+36ePDXAK","privKey":"AJ23pSarCgkv7I5SxDUSXOrwC4IomGC+4rz9egmlyEY="},"lastRemoteEphemeralKey":"BSkX8KjDNPVxCcQDfsvAEMjYy21nzsV7UPs6cll8l9lb","previousCounter":0,"rootKey":"WkrSJgXynnKF6zYSB4BuVkKBfVaWe7j76jFWDKU14QQ="},"indexInfo":{"baseKey":"BRFQ5K4NxDUIwAgM2L+TRFc9DtGPcGOQh0Q/TSlxrERn","baseKeyType":2,"closed":-1,"used":1752960922225,"created":1752960922225,"remoteIdentityKey":"BQRJou4DwV4fHXE4UTAC0KX8ploU3/uaej61D+E/+BED"},"_chains":{"BSkX8KjDNPVxCcQDfsvAEMjYy21nzsV7UPs6cll8l9lb":{"chainKey":{"counter":0,"key":"ip0MD2wo7suMRuEJd3oAQo2Rvxh6eLSVqK5dllXIitE="},"chainType":2,"messageKeys":{}},"BSsxEUsqntiwn87xWmGfA9T2rIRYAqRNtn8+36ePDXAK":{"chainKey":{"counter":-1,"key":"ctlSrZQXMgrvtooNHAF0UNMOE30lPZ5YB2DgCiOw3r8="},"chainType":1,"messageKeys":{}}}}},"version":"v1"}