{"_sessions":{"BUbBOAXnIbdZRjdSzye4oT12ThRBcq7R5pio+aEfhy00":{"registrationId":1730335241,"currentRatchet":{"ephemeralKeyPair":{"pubKey":"BZVsmItqUETumZ2hnHWT2OtSpE1+GPTtTvFcqvYcf/U/","privKey":"IMctAIcKa+zKb77575OlsNTSHTjQBbVJ+2hd476hQHQ="},"lastRemoteEphemeralKey":"BVIQfWWltP1aOK374Ucp84vZ1FOdhZxv4VeuOlB602py","previousCounter":0,"rootKey":"kmoRy3R5dct0dmX9WxAuMQJpFN8ux3ImgJvSei/mCMY="},"indexInfo":{"baseKey":"BUbBOAXnIbdZRjdSzye4oT12ThRBcq7R5pio+aEfhy00","baseKeyType":2,"closed":-1,"used":1752961202315,"created":1752961202315,"remoteIdentityKey":"BRdkRl01iy8YJebCWl+WidNw4VFz+1v2MAAYG5DHz285"},"_chains":{"BVIQfWWltP1aOK374Ucp84vZ1FOdhZxv4VeuOlB602py":{"chainKey":{"counter":0,"key":"HfpTjtxgR9JQmK/25C6ftvJNsHHYrCA1+L4YE5+C3Fc="},"chainType":2,"messageKeys":{}},"BZVsmItqUETumZ2hnHWT2OtSpE1+GPTtTvFcqvYcf/U/":{"chainKey":{"counter":-1,"key":"lI3x3DIxgmmU40CYH3K0ULG9povHxcj9/DFXPVd2Bfg="},"chainType":1,"messageKeys":{}}}}},"version":"v1"}