{"_sessions":{"BYpwcwb9AF0+KJurKZR+VH75GYsvFxDwD3XVMJpmo2Id":{"registrationId":1763418365,"currentRatchet":{"ephemeralKeyPair":{"pubKey":"BXdy+0sZU5i1jWA2/jSclSzI0uNwoHUeif6+yyxym45p","privKey":"UFOquOFuc5PtFUhY0VdoiFFmEWcJamv3SDj3ZXYELUI="},"lastRemoteEphemeralKey":"BcDyuNaHD/3jfl9pkyIt/qniOu0b+urZp8u4ee4Un4xS","previousCounter":0,"rootKey":"Bb/y7xuU2ZKCPDVMEeH6j1YzVd7rSMuMsinT8k/LUUA="},"indexInfo":{"baseKey":"BYpwcwb9AF0+KJurKZR+VH75GYsvFxDwD3XVMJpmo2Id","baseKeyType":2,"closed":-1,"used":1752960905320,"created":1752960905320,"remoteIdentityKey":"BQY6NA+FxVKp6Bph5OI/OXU4Rts5SvJJOl7i8KxCuzI9"},"_chains":{"BcDyuNaHD/3jfl9pkyIt/qniOu0b+urZp8u4ee4Un4xS":{"chainKey":{"counter":1,"key":"HX/oJ+MirtZjOGgQIgOS+Gg393Aoqm5HxOAiTF17KDg="},"chainType":2,"messageKeys":{}},"BXdy+0sZU5i1jWA2/jSclSzI0uNwoHUeif6+yyxym45p":{"chainKey":{"counter":-1,"key":"qHdXs4xPDSfOAnYzJXjcw6zrePCd4FczUoTvjpCOmyU="},"chainType":1,"messageKeys":{}}}}},"version":"v1"}