{"_sessions":{"BbKxTw2LNb0wZe99G9ck823EQt+dBoGDCz0zVyo0Sq9c":{"registrationId":191,"currentRatchet":{"ephemeralKeyPair":{"pubKey":"BdP9sBGG9KxDDlspbgKbI7/gxlTKh/9NmKLwzs4Od5Yz","privKey":"OGzw3p07OEnXrjroeJJbw2Zk94KlK8jCyVzS5KwX7Fs="},"lastRemoteEphemeralKey":"Bd2Qs3hchGlazVg44aIbFjduVZ0+euM3TlPyoamUFXdI","previousCounter":0,"rootKey":"SfRANFTCQjqfaFELsewiNQl+61UplBXNAHsfEeDR+4U="},"indexInfo":{"baseKey":"BbKxTw2LNb0wZe99G9ck823EQt+dBoGDCz0zVyo0Sq9c","baseKeyType":2,"closed":-1,"used":1752960941937,"created":1752960941937,"remoteIdentityKey":"Be80lk8pgkZdvW+Eiec6YU6RwBJvF/+uDtXdXv/Ymdwo"},"_chains":{"Bd2Qs3hchGlazVg44aIbFjduVZ0+euM3TlPyoamUFXdI":{"chainKey":{"counter":0,"key":"0KQvfnCMDTr1HKesttsGDe/aCw6oqkmhvsIb1rvNS4k="},"chainType":2,"messageKeys":{}},"BdP9sBGG9KxDDlspbgKbI7/gxlTKh/9NmKLwzs4Od5Yz":{"chainKey":{"counter":-1,"key":"qipY8+bn0ELvucm76gTOHn6YECTVeL7JfZEgMZ3clOc="},"chainType":1,"messageKeys":{}}}}},"version":"v1"}