{
  "393515533859@s.whatsapp.net": [
    {
      "title": "GEMITAIZ - Ballon D'Or ft. Nayt",
      "url": "https://youtube.com/watch?v=mO2vFlCvlY8",
      "timestamp": "3:06",
      "channel": "Gemitaiz Official",
      "addedAt": "2025-06-11T22:41:41.039Z"
    },
    {
      "title": "Kylie Cantrall, Alex Boniello - Red (From \"Descendants: The Rise of Red\")",
      "url": "https://youtube.com/watch?v=mIuiMgefKBk",
      "timestamp": "2:58",
      "channel": "DisneyMusicVEVO",
      "addedAt": "2025-06-11T22:44:10.078Z"
    },
    {
      "title": "Travis Scott - TELEKINESIS (Official Audio) ft. SZA, Future",
      "url": "https://youtube.com/watch?v=xl5LunV-OkU",
      "timestamp": "5:56",
      "channel": "Travis Scott",
      "addedAt": "2025-06-11T22:44:42.098Z"
    },
    {
      "title": "NewJeans (뉴진스) 'Cookie' Official MV",
      "url": "https://youtube.com/watch?v=VOmIplFAGeg",
      "timestamp": "3:59",
      "channel": "HYBE LABELS",
      "addedAt": "2025-06-11T22:46:51.943Z"
    },
    {
      "title": "Shiva - Non è Easy (Official Video)",
      "url": "https://youtube.com/watch?v=JcJTc3pe6s4",
      "timestamp": "3:13",
      "channel": "SHIVA",
      "addedAt": "2025-06-11T22:49:03.803Z"
    },
    {
      "title": "Lazza, Sfera Ebbasta - PIOVE (Visual)",
      "url": "https://youtube.com/watch?v=zarm7sLSCCU",
      "timestamp": "2:36",
      "channel": "LAZZA OFFICIAL",
      "addedAt": "2025-06-12T22:05:14.884Z"
    },
    {
      "title": "Medy, Andry The Hitmaker - Soraya (Visual Video)",
      "url": "https://youtube.com/watch?v=KylRtK4Iy3M",
      "timestamp": "3:01",
      "channel": "Medy Cartier",
      "addedAt": "2025-06-12T22:06:33.436Z"
    }
  ],
  "393532070815@s.whatsapp.net": [
    {
      "title": "Travis Scott - TELEKINESIS (Official Audio) ft. SZA, Future",
      "url": "https://youtube.com/watch?v=xl5LunV-OkU",
      "timestamp": "5:56",
      "channel": "Travis Scott",
      "addedAt": "2025-06-11T22:42:42.820Z"
    }
  ]
}